eid,f_name,l_name,contact,email,question,answer,password
1,Aadil,Yasir,+1-391-359-1205x943,karimjabir1@example.com,Your Car Plate,suscipit,!ZbdAa(x7C
2,Qaim,Talhah,832-221-0570x6951,ghasaanrabah2@example.com,Your First School,excepturi,V!e5WOhN0h
3,Luqmaan,Ghazzal,8018279693,bashaarawadil3@example.com,Your First School,atque,K#w*2VLn+5
4,Yazeed,Maheen,338-840-7670,najammahmud4@example.com,Your Birth Place,quo,W92ZvpZ8!r
5,Aaaqil,Sadeed,(287)793-7208,qsabil5@example.com,Your Pet Name,quia,Lbt0dFqC!i
6,Saim,Rabar,001-783-395-5959x078,zayanuhban6@example.com,Your First School,dolorum,_bHxwZ_s5m
7,Nabil,Omeir,001-888-654-3554x3914,zackariyaqurban7@example.com,Your Birth Place,natus,pArzYAug*4
8,Rabah,Damurah,(680)383-4105,karaamat058@example.com,Your Car Plate,odio,b3NAomWh$T
9,Waajid,Qasif,291-990-2286x65151,tajtaial9@example.com,Your Bestfriend Name,natus,i&#2CoGnBV
10,Basheerah,Faizan,+1-793-257-9685x45628,zzahaar10@example.com,Your Pet Name,enim,*FRFNoNlc6
11,Baashir,Qusay,(230)245-3268,ibadr-udeen11@example.com,Your Birth Place,alias,^UQMMpSD1E
12,Awamil,Kaamil,001-614-906-2159,ehanzackariya12@example.com,Your First School,cumque,tD0DaSj*^2
13,Lutfi,Naeem,265-381-5523,vmaheen13@example.com,Your Bestfriend Name,provident,9KE6r6aO@D
14,Hazeem,Abaan,(716)404-7508,ghulamaabid14@example.com,Your Car Plate,quisquam,ns#9(XBo02
15,Zuwayhir,Tali,001-940-343-8522x4083,rmadiyan15@example.com,Your Birth Place,minima,YCKmp7rm!+
16,Daghfal,Aariz,6843513247,uhbanghauth16@example.com,Your First School,est,0T94(Vzd)p
17,Nail,Sabiq,001-222-566-8249,sabeehihtiram17@example.com,Your Bestfriend Name,expedita,S#5A8q*yNs
18,Ibaad,Kaleema,335.963.4016,tmaawiya18@example.com,Your Pet Name,quibusdam,!$AM4G8zgK
19,Jabir,Kasam,280-420-6117x289,saad9819@example.com,Your Bestfriend Name,magni,L8WBe79#%3
20,Liyaaqat,Damurah,250.995.4854,vsaboor20@example.com,Your Car Plate,explicabo,)&XeAkPJN8
21,Raamiz,Wafeeq,739.913.5110x1525,bmahmoud21@example.com,Your Bestfriend Name,molestias,@8R@5gooz1
22,Qahtan,Yasir,(980)365-5818x13961,ubaydullahnadeem22@example.com,Your Bestfriend Name,modi,5A55g&Sx$_
23,Qaseem,Awadil,7136911174,el-amin8523@example.com,Your Car Plate,at,2GtATF+r)_
24,Yameen,Tahawwur,8892393524,qbadr-udeen24@example.com,Your First School,consequuntur,B#T_k6Ra!t
25,Sadan,Jahdari,001-769-933-4505x5840,taahirraid25@example.com,Your Birth Place,eveniet,Z09*+6Bfj#
26,Daiyaan,Zackariya,001-355-762-2192x648,jameelaamil26@example.com,Your First School,rerum,!*860DaZM*
27,Nafees,Tafazal,260-897-7800x94472,sadan6627@example.com,Your Bestfriend Name,occaecati,b2SSkECQ()
28,Iesa,Mahbeer,001-630-522-3065x61689,zafar1728@example.com,Your Birth Place,maiores,hKC7Ctpy*3
29,Ghauth,Aarif,9219722182,tahirradhee29@example.com,Your First School,hic,pob@7Rhco#
30,Mahdy,Baasit,736-550-4012x552,sabeeh0030@example.com,Your Birth Place,praesentium,%6HIdMQ7^4
31,Sabil,Najeeb,001-904-264-2025,ejlaalkamal31@example.com,Your Bestfriend Name,debitis,qP3_R6np*d
32,Aamir,Raatib,319.343.2530x6856,basheer8832@example.com,Your Pet Name,modi,%FU7(YHclu
33,Omar,Baleegh,+1-905-890-4607x98376,plahiah33@example.com,Your Car Plate,ullam,@!9Q%e#cT*
34,Basir,Fidvi,568.478.1025x868,qubaydullah34@example.com,Your Birth Place,beatae,7oH3r_O2@D
35,Tarfaan,Qaseem,(845)205-6322,idrisgohar35@example.com,Your Car Plate,laudantium,)TAhHywpx3
36,Daghfal,Aalam,321-914-0539,zaheer3336@example.com,Your First School,nulla,+2+o7Gcjs2
37,Zuwayhir,Esfandyar,2758885775,maalik1637@example.com,Your Car Plate,error,^vJR#HWEj8
38,Zaahid,Raheel,624-827-5350,ysabir38@example.com,Your First School,mollitia,W4+9I#xsRE
39,Aazim,Baseer,673.454.0607x23095,ikraameshan39@example.com,Your Pet Name,at,l9LbkDqY(3
40,Ikhlaas,Umair,594-278-7230,luaykhaalid40@example.com,Your First School,perspiciatis,cgUbZISa&4
41,Sadan,Batool,882.305.6388,fghazzal41@example.com,Your First School,illum,E(3GBEKese
42,Waahid,Qusay,215-761-8321x12342,kaashif5142@example.com,Your Car Plate,cum,bJC2o4qxt&
43,Jaabir,Owais,001-856-554-6674x977,eawmar43@example.com,Your Bestfriend Name,incidunt,_DZxAVkP70
44,Lut,Aasif,9662676109,barraqrabar44@example.com,Your Bestfriend Name,minus,0t5Q_0tvo&
45,Limazah,Saad,501-284-0779,ossamamahbeer45@example.com,Your Pet Name,tempora,M)goo6Ih*D
46,Batal,Raakin,+1-204-584-6598x86593,taligulfam46@example.com,Your Pet Name,alias,_r@M_wIh&4
47,Saim,Najeeb,995-842-8258x149,goharnabigh47@example.com,Your Birth Place,velit,%4HKCA1zno
48,Awmar,Rabar,955-932-4570,dabbah2648@example.com,Your Bestfriend Name,natus,dUAQUY9l$7
49,Najam,Ghannam,001-913-848-1211x5598,fidviwaheed49@example.com,Your First School,veniam,_CFWrbu7x8
50,Tajammal,Kamran,+1-424-353-6971x219,aasim5850@example.com,Your Bestfriend Name,blanditiis,3zk5NxftS%
51,Yaghnam,Bambad,575-605-6976,nafeesaarif51@example.com,Your Bestfriend Name,totam,^(1B0owRw)
52,Yasin,Aadil,001-887-839-5445x539,taialjameel52@example.com,Your First School,vel,ADW23KpI)v
53,Nafasat,Ubay,293-230-1856x79537,sadnabih53@example.com,Your Pet Name,modi,+M*U1e#y&@
54,Naajy,Lutf,(661)216-4078,bashaarghutayf54@example.com,Your Pet Name,pariatur,q2DDEGsZ#0
55,Ikrimah,Jabir,7513153697,rafeekikrimah55@example.com,Your Birth Place,provident,&%!1Ny+xMF
56,Saalim,Ihsaan,+1-815-594-1333x68657,ewafa56@example.com,Your Bestfriend Name,voluptas,W2A#DU+(*o
57,Ossama,Luay,(342)455-4148,esair57@example.com,Your Pet Name,nobis,m$Rmhyn0_2
58,Qutub,Qusay,+1-234-942-4472x27478,tajammulrafay58@example.com,Your Bestfriend Name,possimus,YYQA8Slq^1
59,Kareem,Baasit,948-208-7828x786,rumar59@example.com,Your Bestfriend Name,amet,i^6iCHM%Ep
60,Ihtiram,Talal,+1-914-613-2349x0184,bbaaqir60@example.com,Your Pet Name,officiis,$E)W8hXhJy
61,Guney,Saariyah,(915)975-2999,nzaheer61@example.com,Your Bestfriend Name,explicabo,+$^%C3Sr6H
62,Yashem,Najam,+1-728-692-2938x0359,jalaalzayan62@example.com,Your Bestfriend Name,fuga,kR$i3Ru3JK
63,Ghunayn,Esfandyar,+1-297-937-6382,qusay2663@example.com,Your Bestfriend Name,eum,+8C(E2Bsed
64,Sadaqat,Aamil,001-313-714-9528x7741,bassam4964@example.com,Your First School,quisquam,)HSePx(fJ2
65,Ossama,Sabah,624.893.1004,qaasimjahiz65@example.com,Your First School,esse,nr89GvnM@8
66,Mahdi,Jad,+1-731-573-6516x40547,aumar66@example.com,Your Pet Name,exercitationem,&h#a4STc9w
67,Bashar,Zafir,(724)911-4037,nadeem0167@example.com,Your Car Plate,reiciendis,fCyA6YktH_
68,Aadil,Ubaadah,001-957-910-0640x29238,cgulfam68@example.com,Your First School,illum,Wn_0XD!m!@
69,Yaseen,Gulfam,404-257-1293x0084,tadeenaamir69@example.com,Your First School,sint,klyw6DlOk)
70,Ubadah,Jad,3638542961,baleegh9970@example.com,Your Pet Name,similique,MV$6V+Fc!I
71,Taheem,Saad,971-613-0012,jafferkamran71@example.com,Your First School,nulla,&7Ci6K8g%A
72,Obaid,Baashir,001-548-225-1870x6084,dabir3472@example.com,Your Car Plate,inventore,U$l2Fu1P!G
73,Eesaa,Aatiq,(222)660-9807,muhazzimubaid73@example.com,Your First School,eos,Xm7EhyPD_W
74,Urrab,Ubadah,+1-696-879-7223x230,ghauth0474@example.com,Your Pet Name,aspernatur,_DU_pIS+@6
75,Saood,Esfandyar,001-286-692-1802x104,daaminkaraamat75@example.com,Your First School,deleniti,m33XgfO0(#
76,Madyan,Lut,769.455.3130,sabiqaasim76@example.com,Your Birth Place,fugiat,^Z(MTd!#F0
77,Aazim,Ubayd,+1-638-480-3895x1239,naajymaroof77@example.com,Your Bestfriend Name,quam,w#RJl6eg)8
78,Wahab,Ghazzal,001-664-619-8019x3079,bman78@example.com,Your Bestfriend Name,cum,*3dPrlTFls
79,Najeeb,Raid,218-322-6517x15937,pwafa79@example.com,Your Pet Name,excepturi,@S2k!XsB1V
80,Aayan,Aazim,851-736-8696,muhallil0480@example.com,Your Pet Name,quasi,)R04dC3xxD
81,Taisir,Tahir,975-846-1770,qatadah1081@example.com,Your Bestfriend Name,molestiae,*2HkAn4m9J
82,Qaim,Aryan,693.491.6080,saajidaatiq82@example.com,Your Pet Name,dolore,^PeQ0IM&w9
83,Ghanee,Omar,994.843.4258x975,kaysanvahar83@example.com,Your Birth Place,quis,k0k_wWP3!c
84,Qawee,Jaabir,459.839.5663,tabassum0584@example.com,Your Birth Place,aliquid,*4tgGYgaIi
85,Yahya,Rafi,459.511.7938,azbanmaalik85@example.com,Your Pet Name,esse,*1FQXtc4gV
86,Mahmud,Maheen,733.554.1617x057,vabaan86@example.com,Your Birth Place,consequatur,eT^(5Xeger
87,Bambad,Zaahid,(695)994-2071x08028,chawish3587@example.com,Your Pet Name,labore,^50YWSvUdz
88,Mahmud,Tabassum,+1-304-727-7105x63750,sadeedbaseer88@example.com,Your First School,odit,)bgU3RAgI0
89,Lutf,Souma,(291)854-1224,tahirsaad89@example.com,Your Birth Place,molestias,&OSEko5tj0
90,Iesa,Bambad,831-735-7617x31641,ghaziaatiq90@example.com,Your Bestfriend Name,labore,Dd36H5MdO$
91,Aariz,Raheel,(584)700-7857x251,kabeerxobeen91@example.com,Your Bestfriend Name,facere,+Fs5DRqmXP
92,Dawud,Badr Udeen,001-639-526-4247,gmadiyan92@example.com,Your Pet Name,unde,OZAPyk7q(0
93,Ubadah,Naail,983.414.9996,rayandakhil93@example.com,Your Car Plate,exercitationem,+rsg4XYqJn
94,Baaqee,Gohar,(424)954-4536,nafeestalhah94@example.com,Your Bestfriend Name,aliquam,#m26Gls8*6
95,Ghaith,Faizan,(307)713-6095,azban8595@example.com,Your Birth Place,possimus,Mk1lA7xSz)
96,Radhee,Saaqib,(587)301-2011,ftalib96@example.com,Your First School,exercitationem,50Li(c$C#v
97,Waail,Kamran,322.287.9664x288,wadijafar97@example.com,Your Bestfriend Name,consectetur,Q+&7pHdm*2
98,Nabigh,Mahfuz,431-700-2684,zafirtajammul98@example.com,Your Bestfriend Name,dolore,^EJO4JAv3)
99,Mahbub,Umar,5246166192,pwaajid99@example.com,Your Pet Name,facilis,u+)8YPtN(f
100,Naazhim,Tamanna,001-717-865-0494x52971,laiqdamurah100@example.com,Your First School,illo,M@3tYQgx#M
101,Rafay,Ilan,(224)948-3614,tahirubay101@example.com,Your Pet Name,ratione,@s&VSaxd%7
102,Sabeeh,Jalaal,001-467-402-4626x519,tajudinnabaan102@example.com,Your Birth Place,saepe,SI94uLlhU)
103,Nafis,Umar,629-670-9377x26274,zrabar103@example.com,Your Birth Place,corporis,&gM4QcWOo@
104,Ghiyaath,Darain,001-848-479-2458x61806,ghalib96104@example.com,Your Pet Name,corrupti,j_gME6Vwh6
105,Qudamah,Ghafoor,955.424.1400x00558,zahurzaeem105@example.com,Your Car Plate,sed,4%PN$iKa(6
106,Zaahir,Awani,847-774-1685,rburaid106@example.com,Your Car Plate,recusandae,#0UsgpubF%
107,Obaid,Ubadah,698.658.1283,maadam107@example.com,Your First School,temporibus,n&G1(YadU6
108,Sair,Luay,+1-423-727-2720x000,tahoor50108@example.com,Your Car Plate,possimus,&1KTsaR9L)
109,Mahmoud,Awj,001-766-384-1494x79554,awan90109@example.com,Your Birth Place,earum,&4ZZ2lLdt(
110,Aarif,Naail,001-323-343-9672x072,tahmeednajeeb110@example.com,Your First School,quos,S$$7LmZg&F
111,Sabah,Aamir,561-805-7548x0338,kasimsaadiq111@example.com,Your Car Plate,aliquid,vPS&zeQ%%4
112,Raashid,Madiyan,569-947-9251x628,lut52112@example.com,Your Bestfriend Name,consequatur,7Zr4_6zs+_
113,Kaamil,Ibraaheem,799.649.0046,rafibadr-udeen113@example.com,Your Birth Place,exercitationem,Ot&S&2Opd1
114,Raamiz,Ijli,(917)415-8856x286,zaafirjalil114@example.com,Your First School,at,H$6Ck3NE)3
115,Iesa,Naeem,+1-923-470-8974,parveznaeem115@example.com,Your First School,quidem,g(4buXRvdR
116,Osama,Saaqib,(699)345-5643,ubarraq116@example.com,Your Pet Name,consequuntur,*JkkD)%jB0
117,Atheel,Ghunayn,(739)601-6158x97339,aatiqchamali117@example.com,Your First School,nesciunt,*8wONDbcdU
118,Rafee,Aabid,2668681731,sabiraamir118@example.com,Your First School,deserunt,_8cLAFhAb8
119,Raees,Naeem,001-487-423-9767x744,awj35119@example.com,Your Car Plate,quisquam,*@A$p%Yt^0
120,Ghanee,Kaamil,(605)438-2664x933,jaabir70120@example.com,Your Car Plate,voluptates,%6dibHP0!r
121,Wadi,Auraq,001-919-702-0795,cheragh77121@example.com,Your Birth Place,consequuntur,bX9NkRiaE#
122,Abaan,Sabur,001-664-376-0615x1361,raaghib78122@example.com,Your Car Plate,neque,9hYMl35U*D
123,Jafar,Ubayd,(740)734-9717x67509,bilaalyaghnam123@example.com,Your Birth Place,repudiandae,%hOKRstU18
124,Idrees,Aasif,001-852-491-9002x334,damurahnail124@example.com,Your Birth Place,soluta,M@AMOSgJ+9
125,Aabid,Idris,548.420.8099x0945,dakhil81125@example.com,Your First School,corporis,hjw0DHTjA%
126,Taimur,Talal,001-415-949-2341x33898,zackariyakamal126@example.com,Your Car Plate,eos,*0Iy5hf7LB
127,Gulzar,Eshan,(251)973-0371x9765,ghufran23127@example.com,Your Birth Place,sequi,))56Rixuq(
128,Taanish,Ubadah,5122485597,nadeemmaheen128@example.com,Your Pet Name,aliquam,_)^X9QDj%F
129,Daanish,Naeem,8362339943,kafeel22129@example.com,Your Birth Place,esse,6sm+m3Yxw3
130,Raatib,Naeem,+1-951-830-1819x43386,zaheerghauth130@example.com,Your Birth Place,minus,)9URmBHh9!
131,Yawer,Saahir,253-845-0722,majd70131@example.com,Your Car Plate,quidem,Qa@1(La5#*
132,Tajammul,Jabir,(809)985-9105x9588,naasir63132@example.com,Your Bestfriend Name,at,3RP+G0#4+l
133,Charlesh,Omar,+1-336-407-2569x7682,ghafoor48133@example.com,Your Bestfriend Name,eos,I0FIErvy#r
134,Ali,Raid,3314367335,lutf33134@example.com,Your Birth Place,expedita,5fb6TXQz+J
135,Ghauth,Ghazzal,001-317-337-4233x67523,lahiahraid135@example.com,Your Pet Name,et,&996QhaCi^
136,Rabb,Saabir,703-947-1071x30269,bashaaratrabb136@example.com,Your First School,quod,FZJkzNOz&4
137,Kazim,Ghasaan,001-207-866-1185,taanishbazam137@example.com,Your Bestfriend Name,excepturi,@8AyCYy9R3
138,Taheem,Yar,683.701.2942x77315,awmar96138@example.com,Your Birth Place,alias,_8A1lTZhnf
139,Ihsaan,Taj,001-745-592-7258,ghazalankamal139@example.com,Your Pet Name,ipsam,L^1+XuJrHD
140,Daanyaal,Yasir,380.652.0409x4008,zahi46140@example.com,Your Pet Name,dolorem,$N!7&tLyE*
141,Karam,Qusay,+1-802-914-9187x50324,manraed141@example.com,Your First School,doloribus,o&I0gDXvh5
142,Dayyaan,Yahyaa,798.931.2837x722,daawood23142@example.com,Your Car Plate,natus,r@j1BDkQLq
143,Ubaadah,Mahbeer,563-583-9540x1507,kabeer07143@example.com,Your Pet Name,repudiandae,_77Qw)0p&0
144,Obaid,Ihsaan,577-991-2849,rafeekawlya144@example.com,Your Birth Place,excepturi,!RYawiQfc1
145,Najeeb,Raakin,001-441-982-8007,ubadah89145@example.com,Your First School,adipisci,u2ywMxT2%6
146,Saburah,Maheen,920-458-4369x40431,uraheel146@example.com,Your First School,iure,(7YbuAhT&7
147,Qutub,Awmar,3803921266,zahir23147@example.com,Your Pet Name,libero,n1Rvc)eC*2
148,Rafan,Sabil,469.734.6985,tahseenaaaqil148@example.com,Your First School,totam,+eJ)W8WumU
149,Sabeeh,Man,001-216-664-1894x020,rabeekamal149@example.com,Your Pet Name,corporis,hc_GWduT_8
150,Wahhaab,Jalaal,291-667-6664x9150,kzuwayhir150@example.com,Your Car Plate,ipsa,V_6MgdVm_V
151,Damurah,Maroof,239-622-9014,nadeemkamal151@example.com,Your First School,voluptatum,UlQmEfsC$7
152,Hazeem,Yaghnam,585-744-7138,ghazzalliyaqat152@example.com,Your Bestfriend Name,laborum,t6Xw9ZTx&)
153,Jaan,Najeeb,(332)428-9117x311,xzayyir153@example.com,Your Bestfriend Name,occaecati,O^T4RmNlyy
154,Waahid,Lutf,609-616-4714x25184,sbashaar154@example.com,Your First School,molestiae,rle1TWotM#
155,Qanit,Sadan,001-447-311-1274x461,mahmood35155@example.com,Your Pet Name,sunt,Db+39bXx2o
156,Jalaal,Ghafoor,583.548.4551,htadeen156@example.com,Your First School,repellendus,E@6LpKnf&@
157,Baha,Taj,001-619-799-3973x466,ghaffaarbashaar157@example.com,Your Bestfriend Name,unde,$+0(NirR1@
158,Qutaybah,Tabassum,460-256-6842x418,aasifbaseer158@example.com,Your Bestfriend Name,veritatis,B(Q_4Qc_6)
159,Aasif,Zaahid,001-208-769-2101x602,loot74159@example.com,Your Bestfriend Name,nesciunt,#N3gL8sZ5*
160,Qadeer,Sabil,001-667-685-1440x890,hrabah160@example.com,Your Car Plate,beatae,#&50FbzU^2
161,Ossama,Kachela,001-928-250-8417,waail12161@example.com,Your Pet Name,provident,f6EDhar_&t
162,Karam,Qasif,957-987-5732,baashir86162@example.com,Your Bestfriend Name,libero,_2I)jysmf&
163,Luay,Qaseem,4582411490,zahaar59163@example.com,Your Birth Place,a,Bj6TyZe00)
164,Badr Udeen,Umar,(281)755-5427x029,naeemghunayn164@example.com,Your Birth Place,cum,!k2S5*awJ(
165,Rabiah,Lahiah,874-918-5815x90352,madiyanuhban165@example.com,Your Birth Place,qui,6F4jaDaCW@
166,Kaleem,Ijli,388.644.4826x57122,taariqkaysan166@example.com,Your First School,laborum,p^(4AbjP_X
167,Naib,Ghayoor,2905538414,mahfuj36167@example.com,Your Pet Name,animi,e^w5CoSF$k
168,Rafay,Qaseem,+1-738-742-3875x918,aarifhuzaifa168@example.com,Your Bestfriend Name,ducimus,93UARXCa_S
169,Ayaan,Baaree,001-646-258-7778x87881,raakinyaghnam169@example.com,Your Car Plate,impedit,#v8DX325$1
170,Qais,Talha,611-450-3634x51047,ikrimah36170@example.com,Your First School,exercitationem,^$gCUvg8v7
171,Mahbeer,Rafi,(582)801-4868,basaamsabbir171@example.com,Your Car Plate,maxime,5KC*Zm8R(+
172,Laith,Saabir,962-766-7424x2491,sadantahawwur172@example.com,Your Birth Place,sed,i_^s1Fq)^D
173,Kaysan,Raashid,+1-538-856-8112x73343,bambad43173@example.com,Your Pet Name,commodi,)XRhBhME&0
174,Ayamin,Lutf,001-290-771-5346x66854,ehsaas69174@example.com,Your Car Plate,recusandae,HN@5UE*h2f
175,Lutf,Naail,8053863132,baaqirmajdy175@example.com,Your Birth Place,quas,&j8RZDlagV
176,Awj,Ghauth,(983)791-5474x87409,maawiyajahdari176@example.com,Your Car Plate,porro,^8$GVlVmpg
177,Luay,Zahur,001-954-363-9860,saburahraahil177@example.com,Your Bestfriend Name,maiores,!2EgQ!&iR6
178,Naadir,Raashid,+1-966-685-9016x7803,dakhilaaryan178@example.com,Your Birth Place,ipsa,JJ87QJCi%E
179,Wafi,Ghafoor,001-918-986-0239x38521,sabir82179@example.com,Your Birth Place,totam,q_sUD3VpYE
180,Nabigh,Talal,783-328-3856,ghazawan13180@example.com,Your Pet Name,autem,*gTIEj_IQ9
181,Ghiyath,Esfandyar,+1-327-306-5128x0820,qahtandarain181@example.com,Your Pet Name,iusto,25NGF)p0_j
182,Ubaydullah,Bashaarat,001-398-542-0069x260,taheemtamam182@example.com,Your First School,quas,#4FSd^RgBy
183,Kauthar,Maawiya,3134637305,dghafoor183@example.com,Your Bestfriend Name,nesciunt,R_+4UKlHTk
184,Nabeel,Kachela,+1-581-452-4075x7526,awmarqutub184@example.com,Your Pet Name,possimus,VH5H3PszJ*
185,Lajlaj,Zackariya,(554)859-8582,yahyaayashem185@example.com,Your Pet Name,praesentium,^od0*rEjIh
186,Ghanee,Kamran,(425)273-1240x80829,liyaaqat28186@example.com,Your Bestfriend Name,odio,(p9HJB0stO
187,Sairah,Mahmoud,526.883.3329,oluqman187@example.com,Your Pet Name,aliquam,&iZv2WOf#o
188,Luqman,Aarif,788.262.6420,ayahyaa188@example.com,Your Bestfriend Name,sunt,F1zyRCkI@u
189,Raatib,Omeir,+1-865-210-1560x81367,ubaid06189@example.com,Your Birth Place,explicabo,L$2Ka6h_#X
190,Basil,Mahbub,+1-520-769-9388x78564,ihtiramyaghnam190@example.com,Your Pet Name,ipsa,F@L7ZbHgSM
191,Kachela,Baaqir,(730)592-5520,aasifkaysan191@example.com,Your Pet Name,commodi,(zE7eIll0p
192,Qareeb,Ubaid,(672)796-2602x4965,tzaahid192@example.com,Your Birth Place,aliquam,_9HDAEIw_T
193,Keyaan,Waahid,551.349.6760x704,aaleewaahid193@example.com,Your First School,nihil,TD27ONj#^@
194,Saahir,Wadi,911-371-7448,quadirkamal194@example.com,Your Bestfriend Name,laboriosam,buNNncc4@2
195,Najair,Aamir,(386)267-6994,madiyankaamil195@example.com,Your Bestfriend Name,dignissimos,!ZWLVsscP7
196,Kareem,Zafrul,614-817-0688,daaminsadan196@example.com,Your Car Plate,nesciunt,5!Ia_E#e&%
197,Saal,Qais,377-499-2712x07223,aadamadil197@example.com,Your Bestfriend Name,sit,$2Oi#cJ*Q9
198,Raed,Saalim,(862)322-9285x8629,rwaahid198@example.com,Your Birth Place,sit,^PTzuRTMq1
199,Omar,Rabar,(437)350-3857x89897,ddamurah199@example.com,Your Car Plate,quisquam,%VzRAOO&7z
200,Madyan,Wadood,256.285.8902,lutf40200@example.com,Your Car Plate,eos,U1d8qJwrl_
201,Qadar,Aasim,(815)590-2489x706,daaminwadood201@example.com,Your Birth Place,ipsam,9Y50CUwuH&
202,Kaamil,Ubay,(243)562-2086x1029,tahawwursabah202@example.com,Your First School,amet,#C7IRlrHo9
203,Yaghnam,Sadaqat,749.600.8929x369,goharsaal203@example.com,Your First School,nam,h*4+CeuZ9%
204,Ihtiram,Kabeer,(858)517-8708x7930,vqaim204@example.com,Your Car Plate,commodi,AS29sIwb6%
205,Zahaar,Raaghib,+1-252-711-8502x0385,pyar205@example.com,Your Car Plate,accusantium,L%2VlKBjEC
206,Rabbaanee,Aadam,001-712-602-9632,vkamran206@example.com,Your Pet Name,beatae,+JIYuj6Kp3
207,Chawish,Kabeer,+1-425-595-2736,awadilraaghib207@example.com,Your Car Plate,deleniti,P^k5WNey0c
208,Muhallil,Qaim,(512)993-2662x96646,naeemqahtan208@example.com,Your Pet Name,temporibus,QgX2Ato^!)
209,Qaadir,Sabil,682-943-7744,kachela87209@example.com,Your Birth Place,repellendus,P4xO$Oow$6
210,Kaamil,Aabid,+1-513-555-2621x8331,iesa32210@example.com,Your Birth Place,dicta,(9QJcFlWy%
211,Umar,Qabeel,001-957-688-2339x592,rohaanrabee211@example.com,Your Pet Name,suscipit,K!v8rYp3Ds
212,Yasaar,Umair,+1-277-384-3469,rafeekauraq212@example.com,Your Birth Place,incidunt,z$2V^l@kqt
213,Laqeet,Aabid,775.382.8229,ghayoorazban213@example.com,Your Car Plate,eius,^4N%HEdwK8
214,Yawer,Aabid,409-530-2209,tahawwur24214@example.com,Your Pet Name,natus,y@0vHveeUh
215,Rabah,Aaaqil,+1-651-369-2194,basemfazli215@example.com,Your Car Plate,doloribus,tim%0Rdddd
216,Kauthar,Kaleema,+1-413-953-1302x496,uhban03216@example.com,Your Pet Name,iste,0nx!Y0MvA2
217,Naeem,Raashid,228.414.8947,kautharnajeeb217@example.com,Your Car Plate,eveniet,@Qic0Dt8+j
218,Ulfat,Zahri,944.236.3897x48535,wmajd218@example.com,Your Bestfriend Name,porro,*dmV)h1mG2
219,Esfandyar,Basheerah,258-551-8729,naeemgohar219@example.com,Your Car Plate,quibusdam,3#6rWJdF7E
220,Izaaz,Ubaadah,561-810-8528x36869,aamirahyasir220@example.com,Your Car Plate,cupiditate,BRZ!06AsIz
221,Taban,Qusay,(764)311-4614x126,eaasif221@example.com,Your Car Plate,repudiandae,1cB#4BLNo+
222,Liyaqat,Ghauth,(282)680-4204,daryan222@example.com,Your First School,magni,j+6dS#6QPb
223,Kamran,Taheem,474-217-1600x47423,basaamyahyaa223@example.com,Your First School,consequatur,78ILgD*h@r
224,Saabir,Aryan,2518928617,taanishzahrun224@example.com,Your Bestfriend Name,vero,VoBY3Zt1@a
225,Owais,Nabih,473-502-4492,dakhilzafrul225@example.com,Your Bestfriend Name,sequi,4o58HGvc%+
226,Rafee,Majeed,928.924.2920,barraqkafeel226@example.com,Your Car Plate,minus,b12Tgda^%a
227,Bilal,Rabiah,956-426-4472,dihsaan227@example.com,Your Pet Name,placeat,+4(TmxzF1z
228,Waail,Aariz,839.529.1899x785,xnaeem228@example.com,Your Pet Name,esse,P#fLXYds_5
229,Rabee,Yafir,704.881.7951x157,lsaal229@example.com,Your Pet Name,corrupti,_ja9LoOkV+
230,Aalam,Ilan,+1-514-661-7518x82535,bizhan80230@example.com,Your First School,adipisci,(&PLafNsl0
231,Ibrahim,Ibraaheem,714.309.1457x084,awamiri73231@example.com,Your First School,nihil,)gFBtOlrJ0
232,Umar,Rabiah,(582)411-2169x90511,baashirayaan232@example.com,Your Car Plate,eveniet,$o9WUim)W#
233,Jahiz,Ihab,252-592-6786x1304,sabahatsouma233@example.com,Your Pet Name,incidunt,a5OUtjVl_H
234,Quddoos,Zarar,657-559-1552x07617,zayyirwafeeq234@example.com,Your Pet Name,excepturi,*R_EjnG1V8
235,Majdy,Basaam,(571)419-1000x32594,fidviaamil235@example.com,Your First School,sint,UXA)7gUg%8
236,Obaid,Ihsaan,904.728.9344x1294,rtaimur236@example.com,Your Bestfriend Name,error,xW_PDZkT%9
237,Kazim,Aamir,472-388-3450x641,mnajeeb237@example.com,Your First School,esse,k71dJ4zA^0
238,Mahdi,Ubadah,526-210-7740,raakinsaahir238@example.com,Your Bestfriend Name,iusto,p&3P7gimDE
239,Omar,Qasif,(806)818-0507x21963,fubay239@example.com,Your Birth Place,qui,V)8eR3s!o!
240,Azeeb,Ubadah,665-678-0925x3579,kkasim240@example.com,Your Bestfriend Name,odio,s_76SM)qLs
241,Yaghnam,Jahdari,001-529-845-8524x06533,yarchamali241@example.com,Your Pet Name,odio,S6zS^zdV+3
242,Aaaqil,Majd,(402)878-5101x22842,nbadr-udeen242@example.com,Your Birth Place,quisquam,l%1J7QdKu&
243,Kachela,Jalil,+1-722-995-0296x011,gulabubaydullah243@example.com,Your Bestfriend Name,impedit,+IB@IiGhe1
244,Saad,Radi,(294)936-1788x54787,gulshantajudinn244@example.com,Your Car Plate,sit,+E(c6IgD2$
245,El-Amin,Jad,(910)576-2016x5846,aasimbasem245@example.com,Your Birth Place,modi,(4PRvaq_!5
246,Huzaifa,Kaysan,366-566-1066x154,ztalha246@example.com,Your Pet Name,sed,%4AEZWXJbs
247,Ubaid,Ghazzal,+1-831-746-5863x2355,crabiah247@example.com,Your Bestfriend Name,ex,+7FTI#+i5o
248,Nadim,Ghanee,733-781-7064x9359,qudoos80248@example.com,Your First School,quibusdam,*7WrCEw4i0
249,Tamam,Ubadah,269.227.4387x009,sadan96249@example.com,Your Pet Name,officia,#4*LK&Jsn#
250,Zewad,Tafazal,(705)368-8850x4319,komar250@example.com,Your First School,iure,u8orUddW@U
251,Ihsaan,Waajid,+1-787-811-8354x405,yafir53251@example.com,Your Pet Name,facilis,_bcFj!Zt%8
252,Taaj,Rafi,(407)423-0460x62044,awamilhazeem252@example.com,Your Pet Name,tempore,6O@U!HKe@i
253,Zaakir,Najeeb,214-284-9191,oghannam253@example.com,Your Bestfriend Name,asperiores,IoVTJ5+h@7
254,Ubaadah,Huzaifa,+1-738-643-6379x63523,changazbasheerah254@example.com,Your First School,dignissimos,mdKMZGOg#8
255,Naasih,Raed,474-496-9326,raashidraashid255@example.com,Your Bestfriend Name,reiciendis,)PlG31Mo$v
256,Labeeb,Qasif,(773)535-2794,bbasheerah256@example.com,Your Car Plate,omnis,r4RL&NCc_i
257,Muzhir,Qutaybah,707-783-3039x015,bsaburah257@example.com,Your Pet Name,ducimus,Zu&8GDz4j+
258,Ghiyaath,Umar,001-439-893-2336,jbaseer258@example.com,Your Birth Place,et,W+0sPRnt3F
259,Sabir,Jamaal,723-667-4041,yadid18259@example.com,Your Pet Name,fugit,vh3NpoNm#u
260,Atfat,Karaamat,920-231-2574x2036,nafeesomair260@example.com,Your Bestfriend Name,qui,YS1Y+pHW&!
261,Kauthar,Qaasim,552-930-5733x35786,mibraaheem261@example.com,Your Pet Name,accusantium,447xT6Qo^Z
262,Taisir,Kaysan,971-502-6813,aashirbarr262@example.com,Your Pet Name,omnis,G!1mY+0qk+
263,Aabid,Aatiq,+1-400-578-9362x4304,qbasaam263@example.com,Your Car Plate,ex,_x9Byf0(sp
264,Ubaydullah,Yaghnam,+1-260-509-4341x6745,taheemlateef264@example.com,Your First School,corporis,*5a$Ddm3uX
265,Nadhir,Jabir,972.871.6659,zahir02265@example.com,Your Car Plate,laudantium,T$7Oc3e*K7
266,Ihtesham,Ilan,628.313.2536x105,kasim60266@example.com,Your Car Plate,vitae,95N#Yd4f%x
267,Talha,Omeir,842.922.8174,gulab50267@example.com,Your First School,id,6^LDsv#f^Q
268,Chawish,Bashaar,303-941-6689,zauqisabir268@example.com,Your Birth Place,alias,pbqk5Kww)K
269,Ghalib,Jahdari,612.280.2320x589,rabah08269@example.com,Your Birth Place,maxime,!#I^4mTq#M
270,Changaz,Yasir,735-818-8616,gulab22270@example.com,Your Pet Name,quod,70sL(tx_(H
271,Bashaarat,Tahaw-wur,(740)493-6255,sadaqat72271@example.com,Your Bestfriend Name,architecto,_3G4pGq2B6
272,Esfandyar,Liyaaqat,747-660-0501x65897,babarzahri272@example.com,Your Car Plate,nisi,+cMDCzXdY9
273,Badawi,Mahbub,583.779.2607x227,nailtaariq273@example.com,Your Bestfriend Name,amet,1%6BCdx8iN
274,Idrees,Gulshan,(894)644-7603x294,awradbambad274@example.com,Your Pet Name,facere,nIw_2*M+#0
275,Kamal,Ghauth,405.882.4668x8242,yawartalhah275@example.com,Your Bestfriend Name,aliquid,CI*3^UyBK$
276,Ehsan,Zaahid,4379086586,jaabirzahri276@example.com,Your Pet Name,quia,#^02CJcPK2
277,Majd Udeen,Sabeeh,602-921-5265x67507,aamirahjafar277@example.com,Your Pet Name,blanditiis,icBgI4bX&1
278,Tajammul,Ihtiram,+1-574-781-8140x09590,mabad65278@example.com,Your Bestfriend Name,ab,+96Vuj8x1_
279,Aryan,Badr Udeen,+1-319-306-1532x52488,wghayoor279@example.com,Your Bestfriend Name,eum,d4VCbqZ)%#
280,Raamiz,Aadil,+1-736-954-2907x16514,raakinmahfooz280@example.com,Your Bestfriend Name,non,58OtaPfp$y
281,Kafeel,Nail,622.528.6810x3494,rohaandanish281@example.com,Your First School,eius,$5BUZ&7aG3
282,Aahil,Aamir,840.431.0845,ghauthaamirah282@example.com,Your Birth Place,vitae,_o4FTel&d0
283,Baaqee,Gulfam,001-319-617-5599x03450,talitabassum283@example.com,Your Car Plate,et,@0ZxNHwq)W
284,Majd,Maawiya,001-489-943-8243,fkaraamat284@example.com,Your Bestfriend Name,iure,$oH1wO(6r0
285,Muhazzim,Sabiq,+1-384-609-4469x69014,basim57285@example.com,Your Bestfriend Name,consequatur,Y0Wk31U)&s
286,Jabr,Iftikhaar,(933)686-9280x61737,kaleemnabeel286@example.com,Your First School,laborum,SiUt1TXaS&
287,Ghafoor,Wadood,664.263.9724x60142,tubayd287@example.com,Your Pet Name,adipisci,_9tW+Qhyt_
288,Rahat,Sadaqat,+1-257-898-1791x0477,pawj288@example.com,Your Pet Name,dolor,_zaaPtam01
289,Wahhaab,Talal,+1-909-354-5329x7639,parvez91289@example.com,Your Birth Place,vero,^9WX4kIrc0
290,Dabir,Karaamat,(352)224-3128x73048,ghasaan39290@example.com,Your Car Plate,voluptatem,fpjp1CXm)P
291,Maroof,Ubay,567.426.7155x59722,nailaasif291@example.com,Your First School,labore,PpuwK8o5%2
292,Nafis,Raid,502-624-9318,ubay26292@example.com,Your First School,perspiciatis,N^0QLk5)dx
293,Sabiq,Zayyir,502-706-7586,kaamil00293@example.com,Your First School,quaerat,1ySrKU*q@5
294,Waajid,Tahir,001-612-257-6362x0362,oumaarah294@example.com,Your Birth Place,libero,sc7&RbKQ+9
295,Jaafar,Mourib,+1-462-906-2597,ibaadzahrun295@example.com,Your Pet Name,ex,i8IkaHY@%H
296,Taahir,Faizan,9048293734,taban71296@example.com,Your Bestfriend Name,laudantium,qi7jZCrc8!
297,Zewad,Kabeer,001-593-223-2553,udamurah297@example.com,Your Birth Place,reprehenderit,X((8jASdpw
298,Ehan,Ubayd,(626)899-3057x2424,umair18298@example.com,Your Car Plate,nostrum,*N7yGPckeY
299,Danish,Batal,803-834-3168x748,naadir49299@example.com,Your Birth Place,tenetur,k_6FP3xr!M
300,Mahfuz,Souma,329-620-7911x4765,mahdighafoor300@example.com,Your Bestfriend Name,ipsa,(dzVUHqe74
301,Basir,Umaarah,7836362168,taamir67301@example.com,Your Car Plate,animi,lu9b3Vlx&u
302,Sabeeh,Zahrun,294-602-6593x854,kidris302@example.com,Your First School,officiis,n6VG$QMe&j
303,Gulab,Aryan,+1-538-882-3153,xmahmoud303@example.com,Your Birth Place,inventore,w9wGbf&r*5
304,Talal,Mahfuj,(747)667-0438x181,zabir36304@example.com,Your Birth Place,officiis,E@8B1MoLiA
305,Aazim,Labeeb,+1-552-777-2949x29044,saadatkamran305@example.com,Your First School,omnis,9v70NkMw()
306,Yasir,Mahmoud,649.264.2220,qani59306@example.com,Your Bestfriend Name,at,SvLeQdhT!6
307,Ghutayf,Yawer,001-284-387-3710,awmarsabir307@example.com,Your Bestfriend Name,ipsum,BM91&cEh2_
308,Ossama,Waahid,848-363-0242,fqasif308@example.com,Your Birth Place,explicabo,$20hXaiHbM
309,Ghanee,Nadeem,4227549258,aasifbasheerah309@example.com,Your Bestfriend Name,ab,&9IO4Xdjxx
310,Osama,Babar,5842770572,mahfuzsaaqib310@example.com,Your First School,excepturi,!EJH7YiJe@
311,Fazli,Aamir,+1-753-985-0998x6961,wahblahiah311@example.com,Your Birth Place,non,_5Bx+LfPxh
312,Naathim,Tajammul,4519605744,sqaasim312@example.com,Your Birth Place,perferendis,%hIAd5b*_2
313,Ubaadah,Fidvi,892.317.4798x780,clut313@example.com,Your First School,reiciendis,4E@$Bry6#0
314,Laiq,Jalaal,527-748-3264x337,idrisnaeem314@example.com,Your First School,aut,)_IXgFa9DI
315,Saad,Madiyan,+1-213-558-1387x911,naibbaaqir315@example.com,Your Pet Name,ipsa,CU19VKcjH@
316,Ghazawan,Omar,860.731.6170x47651,zaheerbashaarat316@example.com,Your Car Plate,ipsam,#+m9HpOt_F
317,Dawud,Zafar,696.739.2075x61493,qbambad317@example.com,Your Pet Name,vero,5Y$3vIvFgm
318,Ibraheem,Man,(305)515-2577x136,rafayzafrul318@example.com,Your Bestfriend Name,quia,m9*t1LKo!%
319,Yaqeen,Ghauth,001-751-772-0348x101,ijliaamir319@example.com,Your Car Plate,tenetur,B+L9^ImCtG
320,Kalbi,Naeem,+1-958-766-8202x154,fiftikhaar320@example.com,Your Birth Place,repudiandae,^7&ElbmDz3
321,Zafir,Ubayd,989.567.3118x63491,madiyansadeed321@example.com,Your Birth Place,error,1^A)+TMd(0
322,Aayan,Bizhan,474.637.0219,ghafoorkaamil322@example.com,Your First School,odit,M(YI#4tt0J
323,Sad,Wahhaaj,001-431-787-8188x1198,utadeen323@example.com,Your First School,possimus,hS!vtBeI#5
324,Aadam,Qadar,(635)314-2412,zackariya08324@example.com,Your Birth Place,voluptatibus,2jVKwdaY)3
325,Liyaaqat,Mahfuj,001-489-612-1480,qay-yoom04325@example.com,Your Birth Place,porro,x1Af)6ZB^+
326,Nabeeh,Jaabir,708.468.8521x278,desfandyar326@example.com,Your Birth Place,suscipit,%R3L9mTYAv
327,Nafis,Sabil,001-657-318-5706x7120,nabeelrabar327@example.com,Your Car Plate,cupiditate,+SkQZnBe64
328,Lut,Saboor,001-567-794-6155x3927,jahdari84328@example.com,Your Car Plate,impedit,)oRv5n7Y02
329,Emran,Naail,(540)492-7836,jdakhil329@example.com,Your Birth Place,veniam,S^3EFYlC9^
330,Limazah,Mad,4762560108,omairmahfuj330@example.com,Your Car Plate,adipisci,_20!9jQvgP
331,Tali,Rabar,315-808-9579x3799,umair35331@example.com,Your Car Plate,quis,3wRAzyK4!8
332,Wadee,Zahur,846-343-6095x54400,msaad332@example.com,Your Car Plate,earum,qG1Ss(D@6+
333,Taheem,Raashid,001-511-430-1992x446,wnajeeb333@example.com,Your Birth Place,vitae,%pH1)FOk)2
334,Ihab,Ubay,506-888-3727,sabeehrusul334@example.com,Your Birth Place,repellendus,ylFE8AGbf*
335,Omran,Yafir,001-684-354-1424x4700,zackariya56335@example.com,Your Car Plate,fugiat,Z(5Q+Nebiy
336,Wahhaaj,Baaqir,(312)768-7580,bwahhaaj336@example.com,Your Bestfriend Name,cum,2(4bSRwR*^
337,Waail,Vahar,360-981-4844,aarif08337@example.com,Your Pet Name,ab,IC5Mna&l!0
338,Ehsan,Tawkeel,351-921-4979x057,jbatool338@example.com,Your Pet Name,tempora,m9z%^QlG%C
339,Jaafar,Umaarah,+1-812-329-7277x8496,ikramahraaghib339@example.com,Your Pet Name,modi,!4NXvhbFO%
340,Raatib,Eshan,(519)755-2118,aabidaasim340@example.com,Your First School,natus,&Lc3ZEdkgW
341,Muhazzim,Talal,+1-547-825-0506x9643,ihsaan56341@example.com,Your First School,voluptatum,ytaz2)VS+#
342,Gulzar,Jaabir,501.286.6204,ubaadah53342@example.com,Your Car Plate,ab,^KJ0)MccWW
343,Saburah,Ayyubi,(225)994-4426x32774,sadeedaarif343@example.com,Your Pet Name,itaque,T_o9SQbm&_
344,Bizhan,Aabid,3033688115,saim96344@example.com,Your Pet Name,quod,*0D!#eQvwn
345,Nadhir,Aabid,249.740.4930,liyaaqatawmar345@example.com,Your Bestfriend Name,ullam,K_0VRk*kJC
346,Ghasaan,Bashaar,(835)675-9151x552,aazimbambad346@example.com,Your Car Plate,neque,(oRk3ZDpy2
347,Umair,Taaj,(541)432-4152,qais75347@example.com,Your Birth Place,explicabo,lxTXz6IgR%
348,Rahat,Urrab,+1-454-585-9600x7210,wafa47348@example.com,Your Bestfriend Name,voluptates,h3fChcG*+x
349,Ulfat,Wadood,8604007485,nail53349@example.com,Your First School,inventore,US88(D4m#v
350,Bashaar,Sabeeh,352.217.8970,maroofrabb350@example.com,Your Bestfriend Name,quidem,Nj5@1BIlQ*
351,Rayan,Ayamin,815-200-4277x2072,rohaanrabbani351@example.com,Your First School,beatae,B#Yq*8Ytv*
352,Aadil,Jad,(285)242-3392,laqeetzafrul352@example.com,Your Bestfriend Name,aperiam,%bD16PmiO$
353,Ikhlaas,Sadaqat,769-611-1017,qadeerihtesham353@example.com,Your Car Plate,repudiandae,)NcjM!mte6
354,Damurah,Jameel,+1-455-647-1742x090,aabidumair354@example.com,Your Car Plate,aut,72N6)duf*0
355,Talat,Tadeen,(745)696-4322x7175,qamar08355@example.com,Your Car Plate,vitae,+F3Nw@jzIs
356,Faizan,Umar,001-399-715-1287x23774,ihsanumaarah356@example.com,Your Car Plate,perspiciatis,XWQ40mlkK_
357,Yaghnam,Maalik,+1-791-411-9915x19115,jaabirlahiah357@example.com,Your First School,ducimus,@2gX7$UScn
358,Yadid,Awani,001-685-430-7219,ghiyaath03358@example.com,Your Pet Name,quidem,1sa0S)_z@t
359,Ihtishaam,Aadil,(345)965-3704x6329,kaabid359@example.com,Your Pet Name,perspiciatis,f)70bFd1Qf
360,Baqar,Omeir,661.620.4662,taanishijli360@example.com,Your Bestfriend Name,odit,L@9S9Gioj+
361,Tirdad,Talib,758.699.8053x8768,vumaarah361@example.com,Your First School,animi,$S39CTlgs6
362,Aadil,Rafay,(656)473-6060,talalawj362@example.com,Your Pet Name,nostrum,%F@4kL7l5N
363,Kamran,Najeeb,971-857-7639,ubaydauraq363@example.com,Your Car Plate,dolor,p&5eGV4vSE
364,Mahja,Jahdami,(437)404-4315,maazinsadeed364@example.com,Your Birth Place,autem,@I8lLvIu3K
365,Quadir,Damurah,+1-668-652-5880,sbatool365@example.com,Your Birth Place,beatae,7&*7cGj8*2
366,Yafi,Jameel,(581)610-8544,raedyasaar366@example.com,Your Bestfriend Name,autem,#95KepX0@4
367,Naadir,Raed,+1-422-841-3532x4511,jaanjaabir367@example.com,Your Bestfriend Name,itaque,1L+^6Pdr7d
368,Taanish,Basaam,630-506-3127,zayansabah368@example.com,Your Birth Place,quos,3VH^6A@fes
369,Rabee,Gulshan,712.257.4075,yameen26369@example.com,Your Bestfriend Name,necessitatibus,ae3NtIk0@0
370,Kachela,Baleegh,(918)616-9844x64258,ubaysadaqat370@example.com,Your Bestfriend Name,unde,EqWHf@CV)6
371,Ibn,Aryan,(418)435-2144x957,qadeeromar371@example.com,Your Birth Place,tenetur,Aa8wXHVx(5
372,Berezat,Mourib,501-375-9757x24987,zzahrun372@example.com,Your Pet Name,omnis,*G7GqQ$y%A
373,Iesa,Kaleema,(268)471-5573,zaheer83373@example.com,Your Car Plate,at,o_KGL5Ph@4
374,Jaffer,Taaj,(580)629-4660x4738,yraashid374@example.com,Your Car Plate,corporis,%Z3SSD(K6q
375,Kazi,Sadan,001-712-835-6029,qamarbaaqir375@example.com,Your Birth Place,nam,%_j0HZWn3o
376,Maroof,Abaan,001-458-818-2586,imajeed376@example.com,Your Pet Name,deserunt,(F4AeORqdG
377,Taheem,Layth,+1-230-310-6863x7024,mabadqusay377@example.com,Your First School,enim,_9VJgYiqV6
378,Jahm,Quadir,+1-720-575-9911,zabir74378@example.com,Your First School,similique,B13caZhO(1
379,Ghaalib,Sabir,001-319-204-9236x73225,gaamirah379@example.com,Your First School,magni,WDL^64QwWt
380,Majdy,Aazim,881-721-0319,zaweelkaleema380@example.com,Your Pet Name,ab,c3R*Xnx6!6
381,Aarif,Saajid,505.737.9861x1021,nghasaan381@example.com,Your Pet Name,labore,!m3GZLZayW
382,Yasir,Talat,001-807-498-2959x53958,berezat70382@example.com,Your Birth Place,deleniti,x@5$UVBc%%
383,Taial,Jahdami,+1-603-597-1012x925,sqahtan383@example.com,Your Birth Place,aliquid,1S74+Xy2@)
384,Ubaidah,Baasit,+1-406-615-3117x9645,vaadam384@example.com,Your First School,possimus,^Z7IN9rhD5
385,Badr Udeen,Tamanna,973.367.2531,labeeb50385@example.com,Your Bestfriend Name,consequuntur,#0HJDhF@9!
386,Kaiser,Talha,+1-787-392-9070x975,baber90386@example.com,Your Birth Place,laudantium,)1)72D7ucp
387,Aalam,Yaghnam,(540)823-7766,ibraaheemwadi387@example.com,Your Pet Name,iste,xgH4PyU%k_
388,Madiyan,Darain,+1-595-722-3302x9756,hghasaan388@example.com,Your Birth Place,qui,Ow#rc1Zh#*
389,Qurban,Lutf,685.459.6829,zubayd389@example.com,Your Pet Name,at,@z8eF1uohE
390,Qadi,Qaseem,535.301.2450,unabeel390@example.com,Your Car Plate,fugit,4J#9(ZPdy6
391,Durab,Zackariya,001-538-578-4023,omarnabih391@example.com,Your Bestfriend Name,debitis,*4z(QVed+2
392,Bilal,Saad,4812845647,cwadood392@example.com,Your First School,at,T8RcKMRN^e
393,Kamal,Baaree,330.886.7292x6009,sabahnadhir393@example.com,Your Car Plate,natus,_srX^YmR70
394,Talha,Batal,+1-886-224-2585x80449,wadoodjahm394@example.com,Your Pet Name,sunt,2eHIh1mv#S
395,Najeeb,Ihsaan,696-646-2497,mahmoudsaad395@example.com,Your Birth Place,minima,*)BSQbtt6a
396,Chashida,Jabr,+1-709-988-3754x418,talibnajam396@example.com,Your First School,quis,pjg1U1mN^8
397,Tawkeel,Jabir,(964)333-8707,kaamilkaamil397@example.com,Your Birth Place,facere,#1EU&ig#7S
398,Yawer,Ubadah,527.852.4652x65241,rohaanwaahid398@example.com,Your Bestfriend Name,incidunt,Ha%^8SEcgD
399,Jameel,Vahar,626.311.5749,fwafeeq399@example.com,Your Bestfriend Name,quia,3v5CdrQl!&
400,Kaamil,Saahir,(579)661-6104x24124,basharrafay400@example.com,Your Birth Place,voluptatem,_$QYr1lw29
401,Adil,Kaleema,001-316-868-6872x03785,waail63401@example.com,Your Car Plate,iusto,OZ0C@P1m*(
402,Naasir,Tahaw-wur,(647)294-9855x1808,tahaw-wur48402@example.com,Your Pet Name,quam,rnTD5dSs*8
403,Umair,Qaim,+1-766-367-5531x9696,jahizraheel403@example.com,Your Birth Place,nam,hf619&Sc)5
404,Layth,Faizan,001-959-554-0100x794,gyadid404@example.com,Your Bestfriend Name,quisquam,@@NJrcpf44
405,Khaalid,Ubayd,+1-833-645-1179x9030,zaakirzaahir405@example.com,Your Pet Name,ipsam,$23)pJZcFa
406,Baahir,Aryan,+1-671-429-0056x3953,manwahab406@example.com,Your Birth Place,dolorem,R%MJ8BjaKL
407,Jahiz,Aabid,001-777-348-0272x6353,wafeeqkabeer407@example.com,Your Car Plate,saepe,!8Dln0z0JR
408,Ghufran,Yasir,495.902.5121x484,jaabirzaib408@example.com,Your Car Plate,fugit,4Q&_t6ShWI
409,Auraq,Rabah,341-208-4853,taimur25409@example.com,Your Pet Name,facere,KFKPO8EmR%
410,Muhallil,Aryan,001-960-733-8459,bambad21410@example.com,Your Car Plate,omnis,9a5xgMJT+(
411,Ghaffaar,Omeir,001-494-525-8088x8996,kashanmaalik411@example.com,Your Bestfriend Name,enim,d#6vxKzPGl
412,Bilal,Jabir,401-734-1481x1423,ubashaarat412@example.com,Your First School,est,NDv$1VMe#^
413,Ubaid,Aadil,(311)336-3875,talalzahrun413@example.com,Your First School,inventore,uofzGrC@#5
414,Aasim,Mahfuz,947-448-9714x8780,umairubay414@example.com,Your Pet Name,a,$FD1Hojg#X
415,Yawer,Tahawwur,966.922.8562x3530,najamlabeeb415@example.com,Your Pet Name,voluptas,i3T!h^Ay@4
416,Baqar,Aamil,699-342-6812x36160,ubadahubadah416@example.com,Your Pet Name,eum,)nvY089sX0
417,Bahaa,Esfandyar,001-674-787-1894x8159,basheerahqudamah417@example.com,Your Car Plate,voluptates,*^6OX@nI9#
418,Daghfal,Qais,543-798-0308,gulfamaarif418@example.com,Your First School,debitis,&%U4P!ex0_
419,Rafeeq,Yawer,324-379-4934x61487,liyaqattaahir419@example.com,Your Car Plate,saepe,^@F3G2LfE_
420,Muhazzim,Awmar,+1-268-437-5235x2192,huzaifa82420@example.com,Your Pet Name,labore,Yf*_7mQyuc
421,Sabah,Dakhil,+1-750-342-1298x13588,gqutaybah421@example.com,Your Bestfriend Name,fugit,i$4kX3BlZI
422,Zahi,Liyaqat,455.925.6260x2212,mahfooznaeem422@example.com,Your Bestfriend Name,est,@rv54KX#4I
423,Talhah,Taj,361-488-6024,talibilal423@example.com,Your Car Plate,tempore,f+%8Cos#vF
424,Zayan,Rabbani,726-346-4032x1094,tadeennabhan424@example.com,Your Car Plate,dolorum,iJ&8bIg+1x
425,Ghiyaath,Zuwayhir,(387)927-5058x78383,nbasheerah425@example.com,Your First School,architecto,DrtRtTqt@9
426,Aamir,Tajammul,783.763.6835,jghazzal426@example.com,Your First School,hic,+EGSC*XoB0
427,Ubaidah,Raakin,+1-438-445-5538x83576,ufaizan427@example.com,Your Pet Name,laborum,yK+vw+Xg*5
428,Waahid,Aasif,(988)230-4339,yrabb428@example.com,Your Pet Name,sed,&f1fOh)&oq
429,Dawud,Esfandyar,+1-632-601-2133,bbarraq429@example.com,Your Bestfriend Name,repellat,$pT^2on957
430,Kauthar,Waajid,(467)304-0469x36063,talhahqadar430@example.com,Your Bestfriend Name,neque,vA2%GK8vD@
431,Ghulaam,Ibrahim,(578)229-6902x07440,ikhlaaszahrun431@example.com,Your Pet Name,temporibus,XmN7C1vW!D
432,Jafar,Najam,6763167177,qani53432@example.com,Your Bestfriend Name,nesciunt,O%_Bx2Dd3k
433,Aadil,Ghutayf,648-230-5975x1166,ehsan62433@example.com,Your Car Plate,perferendis,r1Gg9r4d$%
434,Umair,Azban,001-465-380-0494x30141,uejlaal434@example.com,Your Bestfriend Name,quisquam,&6JKFdYvUr
435,Sadaqat,Lajlaj,(282)883-6343x3365,amaheen435@example.com,Your Car Plate,quaerat,*uoJ1En&d8
436,Zewad,Raakin,+1-664-750-6543x54875,baseerzahur436@example.com,Your Car Plate,tempora,H#J8fVDdNP
437,Awj,Omran,7222078278,kaashif86437@example.com,Your Bestfriend Name,corporis,@DBmKVbc3l
438,Qay-yoom,Raheel,2967849681,jkaleem438@example.com,Your Pet Name,nesciunt,@7^eMKzs27
439,Ihtsham,Bashaarat,+1-751-593-0530x53445,aalamzaheer439@example.com,Your Pet Name,delectus,B$^6XdeGqR
440,Saafir,Basheerah,347.926.1014,iesaayyubi440@example.com,Your Car Plate,soluta,d*I0mQUeyO
441,Kazim,Maheen,498.882.6903x36232,khaalidbasaam441@example.com,Your Pet Name,possimus,)7Ua!TcY&7
442,Yahya,Jameel,6045258279,basaam77442@example.com,Your Birth Place,earum,$kutEhIo74
443,Tahawwur,Fidvi,(732)838-9320,veshan443@example.com,Your Pet Name,praesentium,)N5R4jic0_
444,Jalil,Gohar,770.597.0797x0168,gtaaj444@example.com,Your First School,laudantium,@+5463Lrjb
445,Zahri,Umaarah,879.966.5635x7043,durab06445@example.com,Your Bestfriend Name,atque,qy3+)O0u)(
446,Umar,Dakhil,001-440-445-7615x032,naailzayyir446@example.com,Your Car Plate,unde,f2zDPJLc@!
447,Omar,Taaj,(888)590-5556x1280,nadeem93447@example.com,Your First School,magni,t)vy2NuG+e
448,Yaman,Kaleem,820.856.2468x1170,kaamiltaj448@example.com,Your Pet Name,ducimus,3DZBfgHi+v
449,Ubay,Aasif,001-608-886-9101,ubaydyafir449@example.com,Your Pet Name,veniam,n62WE$Fe%u
450,Zaahir,Tadeen,+1-378-700-3185x7857,naadir79450@example.com,Your Birth Place,consectetur,PzoHhZQk$4
451,Jaabir,Ihsaan,588-744-1073,jliyaaqat451@example.com,Your Birth Place,assumenda,Gj%J6UoNK!
452,Yahya,Umaarah,001-362-572-7211x6945,ibaadubadah452@example.com,Your Bestfriend Name,ex,Bl(g0EAz$_
453,Awamil,Aadil,(748)748-4213x871,manumair453@example.com,Your First School,neque,k0fojzoo!H
454,Raheel,Karam,876-632-6319x537,mbabar454@example.com,Your First School,dolore,tBcmyNvG%8
455,Yafi,Talha,658.379.8067x794,ghulam19455@example.com,Your Car Plate,placeat,(Y!8mRAg)s
456,Jameel,Ghannam,(786)445-2774,rabbtaj456@example.com,Your Birth Place,enim,kC7Siy4Y!^
457,Cheragh,Saajid,386-497-6460x3921,ghaffaar83457@example.com,Your First School,enim,)DnC)4Xy)o
458,Lutfi,Baasim,001-210-267-4514x04781,kauthar92458@example.com,Your First School,magnam,#2YHz8E5t$
459,Ubaidah,Maheen,(478)629-1407,madqutaybah459@example.com,Your Pet Name,voluptate,zGf6K9fD+Y
460,Saadat,Souma,001-339-814-2575x15627,tqais460@example.com,Your Car Plate,hic,#6ytMlSScm
461,Jalil,Saahir,623-710-6231x782,jrafeek461@example.com,Your First School,minima,0K436dXyy^
462,Saajid,Bashaar,(663)992-7124,umaarahrafi462@example.com,Your Pet Name,illo,(%8HZBtA9j
463,Aalam,Darain,400-257-2647,cheraghlahiah463@example.com,Your Car Plate,repellat,_9YY!!JvIQ
464,Muhazzim,Zahrun,(316)216-7581,awadil08464@example.com,Your Pet Name,dolores,1#0CpuKx&5
465,Aashif,Ayamin,729-459-3638,ksaboor465@example.com,Your Pet Name,velit,@S$ZPEE+6x
466,El-Amin,Gulshan,(584)932-7359x636,ayyubi55466@example.com,Your Birth Place,voluptatum,qCu%65Ll7U
467,Raamis,Karam,823-980-8896x35320,qumaarah467@example.com,Your Bestfriend Name,doloremque,_y45bIahE*
468,Sadaqat,Ubay,(812)978-7143x726,lutfetizaaz468@example.com,Your Bestfriend Name,voluptatem,(4Y5*guyQp
469,Ghasaan,Mahfuj,232.364.7148x70456,zackariyaubaid469@example.com,Your First School,voluptates,IL7QBq6h&B
470,Naadir,Jahdari,(421)619-6615x68184,ztali470@example.com,Your Birth Place,voluptatem,s67KrKr1%O
471,Omran,Vahar,001-594-813-0612,manjaabir471@example.com,Your Pet Name,explicabo,ie$iz8KypA
472,Saahir,Ihsaan,001-496-862-9062,vahar77472@example.com,Your First School,laboriosam,b7)x1IYfB_
473,Ubaidah,Qutaybah,483.305.6113x25575,ozayyir473@example.com,Your Pet Name,delectus,7nTIx2Sf!4
474,Yaman,Lut,523-747-0642,ubadahraheel474@example.com,Your First School,odit,P^j#!9DzDa
475,Nabeel,Umar,+1-855-716-2190x6171,bilal69475@example.com,Your First School,quam,$IYAV&prT7
476,Yaseen,Ijli,343-989-3692,rabaryafir476@example.com,Your First School,amet,u@6BUtmVX&
477,Naadir,Barraq,(632)249-4033x814,ssair477@example.com,Your Pet Name,et,YhT!x1Bjwb
478,Ubadah,Raashid,(741)257-3168x423,bahaubay478@example.com,Your Bestfriend Name,vitae,*6TAILhXe3
479,Jaafar,Saajid,001-508-983-4231x360,kashifaarif479@example.com,Your Bestfriend Name,facilis,P4NCOXmO$4
480,Yaqeen,Aasif,001-944-576-2354x4390,zafarsaahir480@example.com,Your First School,magni,29dtnkRh_F
481,Kabeer,Bashaar,654-871-9727x04433,baashirghazawan481@example.com,Your Birth Place,quas,9fMBGFnH^E
482,Azban,Aryan,475-863-8740x0452,vihsaan482@example.com,Your Birth Place,pariatur,02Kv4Kfu*r
483,Eesaa,Taj,(851)616-3137x663,ubaysabir483@example.com,Your Pet Name,beatae,08&Y5nEfx7
484,Taj,Jaabir,001-261-359-8857,fazlisadeed484@example.com,Your Bestfriend Name,eveniet,rhBW&QK9Z(
485,Ghaith,Aazim,9016977525,isair485@example.com,Your Bestfriend Name,corporis,FfJ3DQPy)@
486,Raamiz,Zackariya,001-787-236-5292,qutaybahnail486@example.com,Your Bestfriend Name,quasi,9%Mrxbea@0
487,Idrees,Tajammul,+1-450-262-6302x9423,kumar487@example.com,Your Pet Name,quidem,$17Duw)&oe
488,Eijaz,Iftikhaar,788-696-2563x88770,tabishbambad488@example.com,Your First School,deserunt,65cYshbI@s
489,Zaahir,Layth,001-295-920-5532x499,ibnqaasim489@example.com,Your Car Plate,eaque,R7eEkOzv*H
490,Yergha,Owais,(959)683-2507x892,qaweetali490@example.com,Your Bestfriend Name,quasi,)5Brp1sD0A
491,Bashaarat,Ghazzal,6344931854,ehanossama491@example.com,Your First School,provident,x_4OVrvHei
492,Rabee,Wafeeq,494-323-8874,resfandyar492@example.com,Your Pet Name,voluptatem,E%@4YX6g2o
493,Yaman,Ubaid,(574)640-8467x545,gbaasit493@example.com,Your Bestfriend Name,iure,+0zqPdHdi(
494,Liyaaqat,Aryan,7984386580,saburahtaaj494@example.com,Your Car Plate,facilis,^7aRbD8Kco
495,Ihtiram,Tahir,+1-718-735-3594,baaizeedghauth495@example.com,Your Bestfriend Name,repudiandae,)59KE5aHAV
496,Qutaybah,Azban,001-553-285-9247x923,mahfuzyar496@example.com,Your Car Plate,nostrum,$9FdRWh@QG
497,Yawer,Talat,436-360-9042x00323,charleshrafi497@example.com,Your Birth Place,impedit,@I4!q#VurH
498,Yasaar,Batal,(356)446-0626,usadan498@example.com,Your Birth Place,mollitia,nJ6Qx*C_!X
499,Raahil,Kamal,+1-512-401-5318,ubaysabeeh499@example.com,Your Car Plate,dolor,P8FBtS7g!Z
500,Gulzar,Aamirah,001-476-337-3975,uburaid500@example.com,Your Car Plate,dolores,%uQNxMb)B5
501,Ehsan,Rabah,5757750189,baatiq501@example.com,Your Bestfriend Name,mollitia,fb^8D6rr1D
502,Aarif,Aasif,9627455379,wmajd502@example.com,Your Birth Place,deleniti,tEcNr0Jr$L
503,Qaseem,Aryan,(531)597-2926x260,dakhilmajd503@example.com,Your Bestfriend Name,officia,@+2L!BCt@U
504,Vahar,Ayyubi,001-234-336-9415x985,gowais504@example.com,Your Car Plate,pariatur,!fEpEENy7T
505,Zahri,Basheerah,661-490-2448x0865,imahmoud505@example.com,Your First School,minus,Z#44d^SGJq
506,Wahhaab,Bashaar,001-949-803-3900x565,ejlaalaatif506@example.com,Your Birth Place,quia,U_TYusbq@2
507,Jaabir,Tabassum,(567)820-1508,iabaan507@example.com,Your Birth Place,voluptatibus,hA0aKLxx^M
508,Waahid,Taimur,807-584-3865,zafardakhil508@example.com,Your Birth Place,nisi,x82+6U0mKi
509,Aamir,Ghauth,001-900-555-6673x0358,wbatal509@example.com,Your Pet Name,perferendis,!ISSAqDgz0
510,Yafi,Rohaan,+1-424-778-6774x416,ihsan47510@example.com,Your Pet Name,amet,KD6I$Na0&7
511,Basem,Baseer,664.914.3950,auraq29511@example.com,Your Car Plate,explicabo,L)S4l)YaD2
512,Qutaybah,Rabbani,306.358.0981x4030,ghaneesaafir512@example.com,Your Bestfriend Name,ipsum,!)C1VBfsTQ
513,Fidvi,Liyaqat,668-822-1895,zahir79513@example.com,Your First School,quam,ECAPWVWz)4
514,Lateef,Yaghnam,(542)946-1439x9775,zuwayhirzabir514@example.com,Your Pet Name,totam,2ebSIBTi)s
515,Qadeer,Baashir,(794)767-8108x057,szahri515@example.com,Your Car Plate,voluptates,*95I#Rqg(7
516,Saariyah,Saaqib,427-359-1599x219,rahat55516@example.com,Your Car Plate,corrupti,U%t0GkIosp
517,Zaweel,Awani,2572311742,yawaromar517@example.com,Your Car Plate,quaerat,_(v5cA4f@w
518,Awrad,Ghauth,233.468.1103x43762,ghutayf55518@example.com,Your Pet Name,vitae,ES911^9p1+
519,Azban,Saariyah,001-752-646-4441x819,nail07519@example.com,Your First School,a,I&k#NGLn#2
520,Jamaal Udeen,Zafir,362.626.8130,ijlisaajid520@example.com,Your Bestfriend Name,dolores,q#6LA3Uynb
521,Omair,Huzaifa,+1-677-848-5904,rsaal521@example.com,Your First School,et,8m7(sN4*Y(
522,Zaahir,Ihsaan,001-545-369-2593x5453,pkashif522@example.com,Your Bestfriend Name,quam,U5^nKw%0)G
523,Aasim,Madiyan,001-734-360-0338x8826,naasihzackariya523@example.com,Your Birth Place,dolorum,!a9(6KifES
524,Yashem,Baasit,945-569-1808x366,jaffertaanish524@example.com,Your Bestfriend Name,tempore,0Tmp@uly#e
525,Kareem,Uhban,+1-832-943-9390,kasamdaawood525@example.com,Your Birth Place,ab,&R#9^Iui)9
526,Raaghib,Gulfam,353.806.4428x584,basel97526@example.com,Your Bestfriend Name,at,Y5Pki8aI*9
527,Buraid,Zafar,+1-857-291-5068,jameelqutaybah527@example.com,Your Birth Place,quisquam,E^g5uOif+^
528,Baaree,Ghauth,(834)426-3016,jafarsabeeh528@example.com,Your Bestfriend Name,laudantium,5#1K@Lqi!s
529,Laeeq,Naail,270-284-2378,qutaybahzauqi529@example.com,Your Pet Name,repellat,CY1L*Ge1j)
530,Aamirah,Ghasaan,(539)420-6191x3256,urrabhuzaifa530@example.com,Your Bestfriend Name,amet,7@Ro9Xq_+q
531,Omar,Yaman,+1-740-653-8426,zaahidyafir531@example.com,Your First School,labore,@@5AOZvzKp
532,Ubaadah,Ghannam,001-833-213-7066x776,baaqeeejlaal532@example.com,Your Pet Name,vitae,y8(CZCJd$(
533,Mahad,Naeem,001-473-280-0160,yaaaqil533@example.com,Your Bestfriend Name,quidem,&&0%vo3lzU
534,Eesaa,Taheem,917.479.4826x38503,saajid25534@example.com,Your Birth Place,possimus,%8RGjm1sl_
535,Saad,Kamran,+1-848-980-2931x9232,plajlaj535@example.com,Your Car Plate,totam,#!!k1ED*vz
536,Dabir,Wafa,801-323-0601,ghaith69536@example.com,Your Car Plate,minus,BecYVsAD+3
537,Gulfam,Sadan,001-269-394-0372x4433,nnabih537@example.com,Your Birth Place,doloremque,e2k9zEov^1
538,Kaamil,Ubaidah,+1-739-577-3478x58501,fyahyaa538@example.com,Your Birth Place,numquam,CsY98iJAS#
539,Ghanem,Najam,(280)994-4566,rafayaaqil539@example.com,Your Birth Place,doloribus,*3Pyh!y^Wx
540,Gulfaam,Zarar,436.731.0722x8816,slut540@example.com,Your First School,tenetur,)sPxQ&bA7Q
541,Qamar,Umar,(348)463-4710,kumair541@example.com,Your Birth Place,numquam,+SFsQY1zV8
542,Raamiz,Saaqib,926-725-6680,zauqi48542@example.com,Your Bestfriend Name,modi,D)h#I3Io@C
543,Tabassum,Qaseem,001-701-275-5109x01118,talhahqudamah543@example.com,Your Birth Place,beatae,&5rFQUp!7E
544,Nadeem,Sadaqat,932-878-9452,emran21544@example.com,Your Bestfriend Name,aperiam,$7oNCjMy!F
545,Naathim,Kaysan,968.973.1926x857,idrisubay545@example.com,Your First School,veniam,$nHZHGzE+4
546,Taj,Saalim,347.702.8195x16894,tahaw-wurqudamah546@example.com,Your Birth Place,deserunt,!3*!1cAwUS
547,Izaaz,Yaghnam,8099474085,zkamal547@example.com,Your Bestfriend Name,vel,NBy56Ai_!&
548,Laith,Kachela,339.533.9851x186,liyaqatgulfam548@example.com,Your Bestfriend Name,amet,p%1uHjbJQ!
549,Aysar,Mourib,7336063606,nabigh45549@example.com,Your Pet Name,suscipit,l70UTbjc#%
550,Wadee,Rabar,(395)299-9721,mourib69550@example.com,Your First School,quibusdam,(epB$fa3a1
551,Nafis,Sadan,+1-509-467-3888x0653,laiqubadah551@example.com,Your Birth Place,voluptatum,d1EM2_KrL#
552,Tahoor,Sabeeh,7829533970,majdy05552@example.com,Your Pet Name,iure,Bi)K9Wje#z
553,Nabhan,Zuwayhir,(713)453-4305,eyahyaa553@example.com,Your Bestfriend Name,odio,+W*_4C2fN(
554,Basim,Bizhan,+1-432-573-6368x343,nnajeeb554@example.com,Your Bestfriend Name,corrupti,(J1C*SxvK3
555,Osama,Ubaadah,001-866-646-1222x139,birousk40555@example.com,Your Pet Name,deserunt,$I4m9cyal&
556,Zayyir,Urrab,001-665-590-8209,gsaburah556@example.com,Your Birth Place,itaque,%^3MEChVo#
557,Gohar,Fidvi,347-721-6183,rlabeeb557@example.com,Your Car Plate,saepe,%mmBDcN*%9
558,Dayyaan,Yadid,663.277.6927,sadaqat88558@example.com,Your First School,libero,L8kLYE0v$7
559,Hamza,Majd Udeen,001-587-505-0998x313,dawudmahdi559@example.com,Your Pet Name,libero,Y(2oVjqZkH
560,Keyaan,Talha,001-650-448-7269x0623,gtaaj560@example.com,Your Pet Name,velit,&TEQ6as+A0
561,Yazan,Saad,(418)892-3698,sabiqlaeeq561@example.com,Your Car Plate,harum,7AL&azs+$5
562,Attaf,Jahdami,(323)345-4336x263,waahid03562@example.com,Your Pet Name,corporis,_@0)RlKK^k
563,Awamil,Sabiq,723-256-8166,dakhilraaghib563@example.com,Your Birth Place,eligendi,(UwSfpDd91
564,Ibraheem,Ghazzal,001-363-352-7103x528,wafeeqaaaqil564@example.com,Your First School,velit,_39nPFDx8#
565,Naazhim,Mad,6265997575,chamalisaboor565@example.com,Your Car Plate,ratione,l0ERC9CY#f
566,Aalee,Raashid,984.639.0794,ghaffaar22566@example.com,Your Pet Name,nulla,!sC*&5Ir*A
567,Tahawwur,Madiyan,369.207.8299,zahrikaysan567@example.com,Your Car Plate,dolore,h8F7#(Iu&J
568,Majd Udeen,Dabir,(985)209-7213x371,yluqmaan568@example.com,Your Pet Name,sit,3YT*5Obvjf
569,Tafazal,Babar,8795607282,bashaarattahaw-wur569@example.com,Your First School,maxime,)A6_HsdpvV
570,Zafeer,Kaleema,546.698.8691x52865,chamalibashaar570@example.com,Your Pet Name,illo,T6jA1Laf$z
571,Sabir,Zaahid,931-543-3978,naeemaamil571@example.com,Your Car Plate,facilis,H&8L_QQS0h
572,Karam,Talib,325.343.6923x79199,radikaamil572@example.com,Your Pet Name,assumenda,QjO(7IktQ!
573,Berezat,Najam,565.511.5080x9659,talhah27573@example.com,Your Bestfriend Name,cupiditate,+6UU@)piwP
574,Baseer,Ibrahim,(873)754-4026,atheel97574@example.com,Your First School,magni,_vClgdo3u4
575,Makeen,Waahid,+1-202-797-7940,barraqdarain575@example.com,Your Bestfriend Name,illum,zz#4x5IfA#
576,Qutaybah,Iftikhaar,622-805-1268x72976,lsabir576@example.com,Your Birth Place,ad,uh4ScWg&$k
577,Tahawwur,Tamanna,816-268-0994x16182,sadeed62577@example.com,Your Birth Place,minima,BE8&D(v$l)
578,Man,Kaleem,962.696.3632x751,lateef61578@example.com,Your Pet Name,tempore,^9Y(erL$iL
579,Sabeeh,Liyaaqat,910.476.3612x54573,nwafeeq579@example.com,Your Pet Name,accusantium,O7i8)OTT_t
580,Yashem,Aarif,240-243-4358,aadamlahiah580@example.com,Your Bestfriend Name,laudantium,#VOONUhP1I
581,Qasif,Eshan,292-523-5681,ylut581@example.com,Your First School,omnis,K+9D!Ne)Qk
582,Aamil,Jalil,001-505-993-9683x9666,qaadirlatif582@example.com,Your Pet Name,non,+!K8A2PwW+
583,Sabiq,Naeem,001-449-981-6346,qadim42583@example.com,Your Pet Name,molestias,j(0DtO(jsA
584,Qamar,Aadil,001-776-385-9334,kachela54584@example.com,Your First School,aut,*8P2D0mu!m
585,Fazli,Tafazal,582.719.9553x770,danishsadan585@example.com,Your Car Plate,ducimus,&@DPpYfs69
586,Aadil,Tahawwur,(907)461-9471x526,lmaroof586@example.com,Your First School,ipsum,5#S8i5CalJ
587,Badr Udeen,Aadil,878-838-4176x8580,cghasaan587@example.com,Your First School,placeat,2w3lX$xf!7
588,Daamin,Awadil,451.956.6291,layth24588@example.com,Your Pet Name,reiciendis,V8@QWTNl*8
589,Ihsaan,Yaman,+1-711-231-4070,taheemchashida589@example.com,Your Pet Name,autem,+0RH)!uGiD
590,Mamun,Sadeed,435.573.7820x8867,ikramahzaakir590@example.com,Your Bestfriend Name,reiciendis,T7gHYiXZ&E
591,Qudamah,Rafeek,+1-923-972-6913x33113,aalamrohaan591@example.com,Your Car Plate,voluptatibus,J0LrUbQN!j
592,Kaysan,Saboor,(454)274-4229,raedyafir592@example.com,Your First School,veritatis,*)Ep(0Fe&R
593,Baleegh,Zackariya,736-368-0142x8079,jesfandyar593@example.com,Your Pet Name,modi,arg3Zp5r*a
594,Kasam,Sadan,001-824-494-0667x62406,muzhir56594@example.com,Your Birth Place,iusto,W^1WuFEOkn
595,Jalal,Liyaaqat,+1-893-317-0126x0756,qadi59595@example.com,Your Pet Name,unde,XH#53Gg_87
596,Owais,Qais,001-705-285-2320x742,omarghazzal596@example.com,Your First School,aspernatur,*KI9PzKR*X
597,Ihsaan,Omar,001-268-351-7032,izaaz60597@example.com,Your Car Plate,aperiam,^8#R&)fsxG
598,Baaqee,Aasif,(929)657-5652x740,rafeekghutayf598@example.com,Your Pet Name,velit,+p#%X5RgV+
599,Ikrimah,Umaarah,+1-779-841-0171x223,ghazanfer17599@example.com,Your Birth Place,amet,1s1mObf7+s
600,Naasir,Luay,+1-998-374-5867x5373,eumar600@example.com,Your Bestfriend Name,saepe,_u3PqBetD(
601,Qabeel,Bilaal,+1-879-838-7003x335,basir87601@example.com,Your First School,illum,^q0O1yC_M!
602,Laiq,Babar,001-797-517-5107x233,saabiraashir602@example.com,Your Bestfriend Name,dicta,$ww6tNnjW3
603,Ubayd,Vahar,650.253.5970,ubaidsaajid603@example.com,Your Birth Place,unde,&j6$DNGS3*
604,Kawkab,Tahawwur,2054171801,taimurbashaarat604@example.com,Your Birth Place,repudiandae,e)10_ArNlf
605,Saaiq,Baleegh,001-718-948-9569x874,gtabassum605@example.com,Your First School,ea,rde2rWqU!)
606,Jahdami,Yaghnam,275.769.6687x184,durab88606@example.com,Your Pet Name,voluptatem,tIpfqBbx(8
607,Zerdad,Daamin,880.340.0386x0853,talisaajid607@example.com,Your First School,maxime,ffY3$VHLY)
608,Talhah,Aadil,931.487.7078x93934,ynabih608@example.com,Your Car Plate,occaecati,3+v02eLk%*
609,Aysar,Saahir,286.204.0839x818,aaban88609@example.com,Your Car Plate,tempore,@mlJs#LaZ5
610,Ijli,Saahir,487-704-0637x9467,rafeeq00610@example.com,Your Pet Name,voluptatem,r@0EJyIK#9
611,Ossama,Rafay,356-225-9867x908,waditalhah611@example.com,Your Car Plate,eos,15zCNwg^%C
612,Raaghib,Nabeel,977-423-3907x754,kayamin612@example.com,Your First School,consequatur,x$0gsNp!aW
613,Ghanee,Nail,+1-552-404-5619,basheerahubadah613@example.com,Your Bestfriend Name,beatae,G%pJ7V5k2+
614,Ejlaal,Ghazzal,520-834-7940,kaashif57614@example.com,Your Birth Place,vel,yTt5F8%k)l
615,Aariz,Rabee,447.847.6632x20863,mbashaarat615@example.com,Your Bestfriend Name,sint,J7^lBG9j%c
616,Tajammul,Tali,+1-806-546-9581x77457,majdiyafir616@example.com,Your Pet Name,distinctio,@rWG3Ps%*)
617,Sabahat,Umaarah,(895)395-5813x05632,umaarahumaarah617@example.com,Your Bestfriend Name,eum,_5QqFueJBa
618,Ghafoor,Gulfam,274-787-1313,umajd618@example.com,Your Bestfriend Name,deleniti,%(12Kay94u
619,Yamar,Jalil,001-946-538-9970x02617,sraakin619@example.com,Your First School,non,S5yKWcjg@u
620,Tahmaseb,Mahfuz,519-619-5859,dayyaanjamaal620@example.com,Your Pet Name,laudantium,w#IY6Wc@+4
621,Tishk,Eshan,+1-869-240-9565x8248,taisir94621@example.com,Your Birth Place,eius,31kTi3TM$#
622,Taial,Zahrun,233.790.0145,qaweeyafir622@example.com,Your Pet Name,cum,*LFWirGj9f
623,Qaadir,Sabir,364.301.3796,taheemubaydullah623@example.com,Your Car Plate,doloremque,Aw%5qDi9QE
624,Yahyaa,Mahmoud,(948)777-8477,saajidbaasim624@example.com,Your First School,asperiores,+4ZcU1_vGa
625,Karam,Qahtan,616.755.8042x1332,mouribkashif625@example.com,Your Bestfriend Name,autem,*(QXlN&z)8
626,Tabish,Saalim,9643988894,aarif49626@example.com,Your Car Plate,numquam,3y_UJAuT$y
627,Zaahir,Yasir,001-301-910-9408x514,graashid627@example.com,Your Bestfriend Name,atque,yFQ082Uy^8
628,Nabeel,Lahiah,492-556-4388,jafarqusay628@example.com,Your Pet Name,iusto,@+0gMDa+30
629,Barraq,Kashif,766.408.0708x161,majddaniel629@example.com,Your Bestfriend Name,aperiam,$6XuR$Zp53
630,Qamar,Saabir,605.289.1681,zahaarubay630@example.com,Your Car Plate,similique,7a^Hd&B*!z
631,Uhban,Kasam,661.372.1890,qaasimkawthar631@example.com,Your First School,hic,$CJfS@YOd5
632,Aarif,Talal,(290)591-9416,gulfaam95632@example.com,Your Bestfriend Name,nostrum,MEq2QN8lr+
633,Man,Ubadah,001-899-835-0904x957,gaabid633@example.com,Your Car Plate,voluptates,1!7(SlMhwn
634,Naeem,Lut,686.788.8969,rihsaan634@example.com,Your Car Plate,est,%rG82FwAT$
635,Saim,Qasif,001-675-423-1359,baaqirzarar635@example.com,Your Car Plate,ea,iRW%c&su@8
636,Obaid,Qais,956-386-4350x3890,qaasimnabih636@example.com,Your Bestfriend Name,dolorum,*oBOwZ(c_0
637,Raaghib,Aalam,2068597808,ghazanfer34637@example.com,Your Birth Place,eaque,G9^4d5Dwuc
638,Baasim,Liyaaqat,(639)491-5594x316,zayanwadood638@example.com,Your Birth Place,sint,&*NhVAuY6X
639,Yergha,Ghasaan,(628)651-2110x266,yafirrayan639@example.com,Your First School,fugit,!ZP7AAsw%+
640,Ilan,Nabeel,589.369.2217x2302,basimzaakir640@example.com,Your Birth Place,dicta,@3PVfx^R9L
641,Rabbaanee,Jad,+1-376-648-4653x90411,yahya92641@example.com,Your Pet Name,facilis,t$J5ZA(XGz
642,Saaqib,Aamir,001-405-408-6824,najairbaaqir642@example.com,Your Birth Place,omnis,9F7TB81rb%
643,Jalaal,Maroof,897-487-2372x950,madmaawiya643@example.com,Your Car Plate,eligendi,(27HPooX_7
644,Naeem,Batool,323.233.6417x261,guneymahbub644@example.com,Your Birth Place,cupiditate,$tS!o&Z4_0
645,Taanish,Raid,+1-887-229-0556x64303,baasimaasif645@example.com,Your First School,sapiente,l0ofOYJi%5
646,Muzdahir,Qaim,(340)217-1426x995,baasitsaood646@example.com,Your Car Plate,repellendus,y@x8)2Nb6G
647,Rabb,Esfandyar,986-624-2416,ptalal647@example.com,Your Car Plate,quibusdam,J^4D8@NrjQ
648,Liyaaqat,Raed,001-555-568-7656x10293,berezat51648@example.com,Your Pet Name,porro,*+8UHy83Ik
649,Damurah,Daamin,(332)403-5713,guneyrabar649@example.com,Your First School,eos,g$HA3!Ts!H
650,Saadiq,Talib,617-639-2784x1883,nabeelmajd650@example.com,Your Pet Name,fugiat,(m6r4Kcia)
651,Baseer,Wahhaaj,001-933-736-2789,zahaarzayyir651@example.com,Your Birth Place,accusantium,49kZnjj8(T
652,Saaiq,Saafir,915.572.4743x62714,esfandyarrafi652@example.com,Your Car Plate,amet,$1ShTK97Ld
653,Yaghnam,Zahrun,001-360-609-0646x343,raatibyawer653@example.com,Your Birth Place,nostrum,4^Sii6H9Fx
654,Ghazi,Liyaqat,559.513.0301x8679,ldawud654@example.com,Your Pet Name,cum,%LjhIeJj(3
655,Hazeem,Umair,479.342.8311,eshanvahar655@example.com,Your Pet Name,assumenda,3)2G98$qLW
656,Ghutayf,Saabir,(811)376-5472,harnailkaram656@example.com,Your First School,vitae,&8r*IAYiC$
657,Ghayoor,Bashaarat,(222)212-9835x67806,sawmar657@example.com,Your Pet Name,quo,0(+1zHkoaH
658,Emran,Barraq,932.911.9113,sabiqzayan658@example.com,Your Birth Place,fuga,)4wERXAjyz
659,Rabiah,Vahar,+1-432-692-1832x467,sabeehwaajid659@example.com,Your Car Plate,sunt,&+H6NhIqGm
660,Bairbel,Darain,317.969.9289,yazeedmahbub660@example.com,Your Car Plate,quibusdam,ZW+6zZfpY!
661,Rabit,Ayyubi,001-858-663-4393x2461,plabeeb661@example.com,Your Birth Place,distinctio,8Ky2(3Op!c
662,Yeraz,Saaqib,6346381624,nabeeh72662@example.com,Your Car Plate,modi,!@1O%euA0&
663,Zayyir,Aasim,2657345061,raheel79663@example.com,Your Birth Place,sequi,)38Ys8d%^z
664,Charlesh,Gulshan,650.398.3080,saajidsabah664@example.com,Your Birth Place,tempora,WdTv2xTv(6
665,Yergha,Tabassum,001-790-672-3202x7179,ubaydsouma665@example.com,Your Pet Name,aut,m*174Rp2VW
666,Rabah,Rabar,985.299.1008x4183,aashirrabb666@example.com,Your Pet Name,veniam,qt^5Uhtn%#
667,Bashaarat,Buraid,314.796.8263x979,ctajammul667@example.com,Your First School,sed,0#v$5IKmDk
668,Atheel,Kabeer,903-236-5205x2433,aamirzarar668@example.com,Your First School,minima,%3+P8aFfpm
669,Ibn,Mahbeer,+1-438-886-6833,aalamubay669@example.com,Your Birth Place,illo,)3VtuLx8IX
670,Qadeer,Radi,334.542.5928,dradi670@example.com,Your Bestfriend Name,incidunt,5Q!64MOkyU
671,Makeen,Zafar,7335124095,jamaal61671@example.com,Your First School,dignissimos,hiB5LT(y*0
672,Dawud,Zackariya,(216)316-8686x8693,rzaakir672@example.com,Your Car Plate,non,)*xxXB)iV4
673,Qatadah,Omair,(567)819-5675x6640,saahir82673@example.com,Your Pet Name,voluptate,2!1VMu9#YV
674,Qudoos,Souma,(768)732-5132x13877,libanabaan674@example.com,Your Car Plate,quo,+7(ltAYt%X
675,Sadaqat,Jameel,+1-703-828-3370x68199,fbaaqir675@example.com,Your Birth Place,at,+Pl2D0sX1&
676,Awj,Awmar,001-899-548-0629x84498,vbashaarat676@example.com,Your Birth Place,ut,(8vx1Gg$a1
677,Jamal,Man,(584)805-0536x16553,wlajlaj677@example.com,Your Bestfriend Name,voluptatum,P@5!MSYz+c
678,Atheel,Baleegh,289.334.5486x0850,rahatdaniel678@example.com,Your First School,quisquam,M%6tyddvfD
679,Qadeer,Majeed,(893)352-0177x2086,nrafeek679@example.com,Your Car Plate,ex,!a7TwEVA0y
680,Ghawth,Man,(705)504-6683,mabadlayth680@example.com,Your Pet Name,nostrum,^^ErIoa*7%
681,Umar,Tahmaseb,827.305.8159,zaahir59681@example.com,Your Car Plate,quaerat,%NZcdk8f9D
682,Ejaz,Ibrahim,(494)665-0608,jaanbaasit682@example.com,Your Bestfriend Name,quo,(x3Ul9lf#Z
683,Yameen,Daamin,620-425-5141,luqmaanghauth683@example.com,Your Car Plate,autem,+Gl0ZRw*Ks
684,Aaban,Owais,(679)259-7989x48713,gtahir684@example.com,Your First School,neque,CZ5FDyhRR%
685,Aazim,Rabee,001-718-437-4164x8435,ihsanubayd685@example.com,Your Bestfriend Name,placeat,(xl3PSzs(z
686,Rahat,Ubaadah,(435)332-9205x95536,tahmasebmuzdahir686@example.com,Your Pet Name,voluptas,Omtt(8Kz_y
687,Khaalid,Yaman,223.330.5177,yrabah687@example.com,Your First School,sit,f8x5ALp4)s
688,Bassam,Mahfuj,(288)500-6312,etaj688@example.com,Your Car Plate,ea,#y2DydCkIE
689,Jabr,Sadan,823.526.1838,wadi69689@example.com,Your Birth Place,incidunt,Me)14Wx0K0
690,El-Amin,Tawkeel,356-583-2793x079,mabad95690@example.com,Your Pet Name,quis,**11pKJfsw
691,Taanish,Baashir,(493)438-4328x529,saariyahattaf691@example.com,Your Bestfriend Name,neque,(%4x1vFjaM
692,Tahaw-wur,Owais,001-564-263-5524x7935,qadeerabaan692@example.com,Your Birth Place,maxime,*k80k5DqBt
693,Raatib,Aazim,4667152679,gulfamtalha693@example.com,Your Car Plate,possimus,Wr6YGsoH1(
694,Daniel,Luay,499.708.1845x369,bashaarmahfuz694@example.com,Your Car Plate,dolorum,^%6qVymSVD
695,Bashaar,Raashid,(461)384-1480,fbaseer695@example.com,Your Pet Name,deserunt,_ZJmH4pzH4
696,Taban,Liyaaqat,+1-689-810-8361x47139,mkashif696@example.com,Your Car Plate,ea,2)A9bYeV&r
697,Ubaydullah,Maalik,307.922.0363x7073,ijli74697@example.com,Your Birth Place,dolor,ptPqbCq&_8
698,Liyaaqat,Najeeb,(619)206-1627x770,xibraaheem698@example.com,Your Birth Place,velit,2TiJ60Cm@q
699,Idrees,Mahbub,(772)373-1089x1787,xghasaan699@example.com,Your First School,vero,w6w_3GSv)k
700,Baha,Kaamil,986.596.4124x988,baseerfaizan700@example.com,Your Car Plate,ullam,EFc54lvlZ@
701,Bassam,Zahrun,(489)557-0029,tishkliyaaqat701@example.com,Your Car Plate,debitis,5&74FYPtA#
702,Auraq,Jabr,+1-820-993-4677x3937,pmaheen702@example.com,Your First School,odio,ysN^8sSF)0
703,Muhallil,Ihtiram,936.471.0013x5846,uyawer703@example.com,Your Car Plate,nam,KK*&7Ow#jP
704,Rabit,Najam,(806)813-9839,sabiq78704@example.com,Your Birth Place,soluta,UNO8XsPjw)
705,Jahm,Wadi,420-534-7722,zaheernabeel705@example.com,Your Bestfriend Name,natus,^6iXXongeH
706,Labib,Raid,+1-298-389-3040x3660,kghutayf706@example.com,Your First School,molestiae,09k6QFjc+&
707,Bizhan,Jabr,266.982.6631,dnadeem707@example.com,Your Car Plate,commodi,^*7Fi8(DY8
708,Naajy,Umar,+1-722-557-4242,sabbirumaarah708@example.com,Your Car Plate,repudiandae,m$H7KTylfo
709,Raahil,Ghauth,(930)625-2984,mahdynabih709@example.com,Your Pet Name,cumque,t$!4iMIpBY
710,Karam,Madiyan,988-353-3461,saariyahomair710@example.com,Your Bestfriend Name,mollitia,qS7#cQTt#%
711,Ehsan,Fazli,7498366306,mahdyraatib711@example.com,Your First School,consequatur,!2UkNKslDV
712,Aryan,Karaamat,994-651-1065,mahfoozvahar712@example.com,Your Pet Name,consequuntur,_CL$UgCfA5
713,Lahiah,Ghannam,226.570.4483x752,dabbah46713@example.com,Your First School,corrupti,3_@Qlm)*&o
714,Qudoos,Zackariya,(702)787-6936,aaaqilqurban714@example.com,Your Car Plate,quae,LPe_%1Fy0a
715,Atheel,Man,550-420-8193,ghayoorzahrun715@example.com,Your First School,atque,IVA2!5Wi*Q
716,Talhah,Baasim,001-530-440-7407,uburaid716@example.com,Your Bestfriend Name,cumque,tuIoz0!v#7
717,Elaf,Wafa,885.810.8895x9811,xnajeeb717@example.com,Your First School,provident,j#W4DNroVD
718,Saboor,Aamir,324.935.3847x124,qais75718@example.com,Your Pet Name,quibusdam,GTE)4kCiy@
719,Zayyir,Rabb,001-250-252-2934x353,tajzafeer719@example.com,Your Birth Place,a,*$6qKkyN2m
720,Qaasim,Ghunayn,(818)780-5618x01833,ghaneeqahtan720@example.com,Your Pet Name,eos,d0kE6wmQ(W
721,Tahir,Kamal,+1-871-948-8635x75217,yadid85721@example.com,Your First School,accusamus,gi4&yWc+^W
722,Basheerah,Saal,(217)300-9988x497,gtahaw-wur722@example.com,Your Birth Place,harum,+1$XWm$xOz
723,Rabar,Buraid,979-685-8766,ehsaasidrees723@example.com,Your Birth Place,explicabo,7MQlXPE3%k
724,Kabeer,Bashaarat,(627)370-6601,ayaminihsaan724@example.com,Your First School,ut,3l9j)Ea1Y&
725,Jabbaar,Nail,001-281-427-0739x7079,zayamin725@example.com,Your Car Plate,reiciendis,5pKAtLbf#C
726,Ghauth,Liyaqat,001-272-914-2258x40578,cliyaaqat726@example.com,Your First School,id,^7GapLAli3
727,Taial,Zahaar,001-721-967-9688,asadeed727@example.com,Your Pet Name,quod,&0SvezuMDl
728,Souma,Baleegh,344-937-0258,lutfnajeeb728@example.com,Your Birth Place,laudantium,6TbCffsP_D
729,Saal,Mahbub,(959)473-9852x0682,aasimawamil729@example.com,Your First School,accusamus,D+8IHyExek
730,Tarfaan,Sair,725.646.9190,jubaadah730@example.com,Your Birth Place,laborum,$4@Dp1MvMc
731,Ghulaam,Zarar,001-989-715-6384x7181,bashaarbashaarat731@example.com,Your Pet Name,blanditiis,&(c4Hc4zb$
732,Qasif,Saajid,325.333.1728,kaamilqadeer732@example.com,Your Pet Name,dolorum,#hjD6tX+S1
733,Talat,Sabur,207-651-2063x5768,hlajlaj733@example.com,Your Car Plate,sint,M2eU^!hx^D
734,Labeeb,Aamir,733.820.0555x410,saboorbasir734@example.com,Your Birth Place,voluptates,0a^_6JIsRQ
735,Gulfaam,Baashir,624-208-7185,ghazalankashif735@example.com,Your First School,eligendi,@Rf%wTfSa8
736,Taban,Naail,3106470043,berezat31736@example.com,Your Pet Name,earum,*95A8zcGm@
737,Qaasim,Jamaal,+1-905-935-6888,jahdami96737@example.com,Your First School,esse,$4SJ1Cpr8&
738,Tishk,Kaleem,(455)623-2449x35450,raaghibumair738@example.com,Your Car Plate,officiis,R)by3L9n03
739,Eshan,Qabeel,+1-762-457-5166,sadaqatghauth739@example.com,Your Birth Place,beatae,#p1Lrzj7!*
740,Wahhaab,Sabur,001-526-447-6487,ckasim740@example.com,Your Pet Name,praesentium,J#E7UHm!QH
741,Zimran,Ibrahim,+1-390-527-8668x3202,karimbaaree741@example.com,Your Birth Place,iste,p3p0TZhC+@
742,Aariz,Raid,001-275-468-4374x031,batoolzayyir742@example.com,Your First School,ex,c8*8XLLE@p
743,Saad,Kasam,(434)275-0444x005,rayantajammul743@example.com,Your Bestfriend Name,consectetur,ePm7Pwgoa(
744,Ubadah,Jaabir,702.894.9631x38684,ghufrantaanish744@example.com,Your Pet Name,modi,(lhWt7ctR1
745,Rabee,Jaabir,7506091130,libandarain745@example.com,Your Car Plate,mollitia,h34GTvDJB*
746,Ihtsham,Jad,819.720.4169x965,aamir71746@example.com,Your Bestfriend Name,mollitia,^4kKvj5MpY
747,Muzdahir,Jaabir,001-839-641-5988x142,dayyaan30747@example.com,Your Pet Name,accusantium,$wWaIMni(9
748,Samama,Aadil,001-830-319-8445x374,mbarraq748@example.com,Your First School,neque,#q7NuMJ0d%
749,Jalaal,Qadar,974-292-4266,gulfamhuzaifa749@example.com,Your Birth Place,modi,!f4J@adH73
750,Jahdami,Aasim,(872)352-5928,ntabassum750@example.com,Your First School,repellendus,Q7PRihO3)5
751,Bashaar,Raaghib,001-830-839-7907x477,zaeemsadan751@example.com,Your First School,accusantium,_40Dcff*VD
752,Rabiah,Aasif,+1-909-208-8102x785,nabhan74752@example.com,Your First School,at,Z*9)VAjqz)
753,Basil,Umar,(384)487-0981x5527,jalaal30753@example.com,Your Birth Place,deleniti,40H%*fXk@x
754,Yasir,Zahur,+1-336-501-5502x3430,otaimur754@example.com,Your Bestfriend Name,neque,+Gla$&J*0m
755,Qaseem,Yahyaa,+1-816-524-2318x226,iluqman755@example.com,Your Pet Name,molestias,da5ORjdnC!
756,Jahdari,Jalaal,+1-706-544-5276x541,mizhir88756@example.com,Your Birth Place,natus,2))2uBfdI!
757,Barr,Jahdami,+1-565-933-5223x92262,ghutayffaizan757@example.com,Your Birth Place,quibusdam,M4JOxo3%)X
758,Kaleema,Faizan,411.809.3514x53434,raedomair758@example.com,Your Birth Place,itaque,0t9IKy0hE_
759,Baqar,Aamil,848.753.9294,ubaydtaial759@example.com,Your Bestfriend Name,aspernatur,!oM3X78%i_
760,Ghusun,Bashaar,001-976-618-0552x032,yfaizan760@example.com,Your Pet Name,porro,qb62ULqe^N
761,Laith,Waahid,(759)465-4186,tihsaan761@example.com,Your Car Plate,cupiditate,c4$6bfDdz+
762,Basheerah,Yaghnam,(893)516-6902x380,idrees61762@example.com,Your Birth Place,earum,Huj9IY7k@8
763,Waheed,Madiyan,4615109184,raatiq763@example.com,Your Car Plate,possimus,*f^P%D7IS9
764,Rabb,Jalaal,001-630-591-4376x878,izaaz64764@example.com,Your Pet Name,dolores,bd@2PMgN2p
765,Taamir,Kachela,352.507.3958x069,ghusunomran765@example.com,Your Car Plate,fuga,6)2KFa7xcx
766,Uhban,Liyaqat,(403)605-3904x208,taliyazeed766@example.com,Your Birth Place,magni,q(j0wIubnT
767,Aysar,Omeir,+1-644-251-1166x932,baaqee87767@example.com,Your Birth Place,perspiciatis,)0rjBMbism
768,Aadil,Zaahid,614-737-7308,wadee05768@example.com,Your First School,saepe,*7d6Nn5^Zw
769,Aayan,Zafrul,831-677-3746,ijlighauth769@example.com,Your Bestfriend Name,possimus,*tWKbKmWx9
770,Aamir,Aalam,+1-338-841-6654x61054,madaniqutaybah770@example.com,Your Pet Name,vel,mH5NYTIp)l
771,Quadir,Taheem,541.269.9008,umairmaheen771@example.com,Your Birth Place,delectus,KV!7fLJbzn
772,Jabr,Rabah,+1-372-704-1191x56809,mannaadir772@example.com,Your Car Plate,inventore,b^p3OsUi(V
773,Harnail,Lahiah,+1-600-342-5490x2869,naailloot773@example.com,Your Pet Name,quia,)n5dChU%@0
774,Qadi,Sadan,+1-264-640-5971x1459,luqmaanbaaqee774@example.com,Your Birth Place,velit,!o8PaabclX
775,Umair,Qaseem,+1-871-357-8143,jahmihsaan775@example.com,Your Bestfriend Name,culpa,cXt3Fz&q9_
776,Taimur,Ilan,794.350.4028x9260,zahrifaizan776@example.com,Your Car Plate,ullam,56_+Ja_Z&6
777,Wafi,Omeir,(397)923-6876,qaasimmadiyan777@example.com,Your First School,praesentium,+l1FUuaGor
778,Sairah,Rabiah,+1-536-865-3784,raakinwadood778@example.com,Your Car Plate,numquam,sr(0Qvdd_E
779,Baasit,Omran,+1-209-993-6246x40819,saajidnaeem779@example.com,Your Car Plate,veniam,#ovQ+Dlm*3
780,Daawood,Umair,7917983461,yesfandyar780@example.com,Your Birth Place,ex,+3XNHngtvY
781,Ilan,Yafir,271.279.4604x044,saajidzaheer781@example.com,Your Birth Place,aperiam,^IR5y(Edj%
782,Qasim,Jahdami,001-394-450-5795,bashaaratzaafir782@example.com,Your Pet Name,quae,0o@Fg4Qi+9
783,Raid,Wafa,+1-968-455-5424x282,lutfmahmoud783@example.com,Your Car Plate,est,(VVn5C@jYa
784,Awj,Saariyah,2607699215,btajammul784@example.com,Your Birth Place,necessitatibus,28KFeCcz!)
785,Arham,Maheen,(669)245-1838x10142,aamil88785@example.com,Your Car Plate,consectetur,cQ1Yu(Cn&6
786,Qaasim,Qaim,7669712124,kafeeliftikhaar786@example.com,Your Pet Name,earum,&#19DI2lrt
787,Emran,Tamanna,509-570-2093,tadeenberezat787@example.com,Your Car Plate,provident,RR!t8Ukhhw
788,Ubaid,Maawiya,544-791-2898x06830,mahmud97788@example.com,Your First School,quod,$WYIU9WZ1u
789,Ghauth,Omran,(899)394-1655,rabeeraid789@example.com,Your Pet Name,quia,&2*0CN8n1V
790,Lutf,Aaaqil,+1-673-967-4210,aazimghazzal790@example.com,Your First School,suscipit,#VOCaEVB2W
791,Ihsaan,Wadood,261-838-7521x6954,nafees89791@example.com,Your Pet Name,est,q@4g7S%tD%
792,Basharat,Kachela,272-576-7732x82176,nafisejlaal792@example.com,Your First School,aliquam,%ZlfOr%a*2
793,Aahil,Tamanna,(542)812-2178x804,zafarkamal793@example.com,Your Bestfriend Name,occaecati,!p1Ex&kqGk
794,Ibaad,Ghunayn,613.308.8892x7324,tahaw-wurlaith794@example.com,Your Car Plate,eaque,!7Uf6XD+bZ
795,Zaahid,Raid,+1-343-235-9809x2131,vtalha795@example.com,Your Bestfriend Name,excepturi,%53QKoz7RR
796,Tahmaseb,Saburah,001-456-678-2391,tahmeedaazim796@example.com,Your Birth Place,accusantium,Zu!7JRxb7+
797,Ubaydullah,Zackariya,+1-854-659-2322x71269,naathim40797@example.com,Your Pet Name,quam,+G)#3JKs5(
798,Mahmood,Karam,(373)695-9894x8509,dmahfuz798@example.com,Your Pet Name,quidem,0VvEnXsd!0
799,Liban,Talal,317-867-7112,possama799@example.com,Your Birth Place,ratione,UIS&BO4m^3
800,Eesaa,Rafay,741-722-1383x120,hazeemraaghib800@example.com,Your Birth Place,tenetur,dnN6IP6zd$
801,Jahanzeb,Awadil,+1-970-628-8761x32276,bashaaratghutayf801@example.com,Your Car Plate,consectetur,@3YDhSp14S
802,Talal,Aasif,512-456-8115x657,mahmudzafar802@example.com,Your Birth Place,architecto,O66Qx&En@9
803,Raashid,Omair,(738)534-0128x450,mahazzaheer803@example.com,Your Bestfriend Name,quam,+UOIFe6I*9
804,Tahoor,Qadeer,275.600.4813x61941,qudamahbarraq804@example.com,Your Bestfriend Name,aliquid,%juNG77cn0
805,Taaj,Jabir,3326188818,jameelvahar805@example.com,Your Birth Place,perferendis,5)pGBZly&7
806,Raghib,Aadam,001-260-957-9767,wzafir806@example.com,Your Pet Name,fugiat,Cgw!1kKn)$
807,Kashan,Omair,688-709-3397,ihabkaleema807@example.com,Your First School,blanditiis,%e647GKxv^
808,Hamza,Aamir,+1-292-274-6296x7007,tajammul95808@example.com,Your Car Plate,quisquam,7B8Hv!bj_a
809,Ubayd,Majd Udeen,001-761-598-7397x316,gqaasim809@example.com,Your Pet Name,maiores,m8T@e9Zl#)
810,Ghazzal,Tahmaseb,+1-340-774-1647x93440,dwaajid810@example.com,Your Car Plate,veritatis,VC@e)iuq(5
811,Raed,Talib,3797309448,radi60811@example.com,Your Bestfriend Name,labore,Ed#3YjhfC6
812,Sabiq,Man,(716)419-9701x5685,damurah55812@example.com,Your Car Plate,soluta,9O4GiSkT@@
813,Ijli,Zaahir,236-637-7507,rabbaanee41813@example.com,Your First School,atque,_4SLxaae1A
814,Qutub,Kamal,9353199978,taajghazanfar814@example.com,Your Birth Place,exercitationem,(a8rYaCwOX
815,Yaman,Ghasaan,+1-411-968-1093,talal16815@example.com,Your First School,dolorum,C8^7vFBnqI
816,Wahhaaj,Tahaw-wur,587-471-1065,aamirahyaghnam816@example.com,Your Bestfriend Name,est,Tt1V8nIei@
817,Faizan,Rabee,890-714-2513x0688,rafeeq79817@example.com,Your Car Plate,neque,U)7Eot!3)a
818,Qasif,Taj,662-549-5964x3901,mahmoudbilaal818@example.com,Your Pet Name,sit,!M9%81+d@2
819,Aasim,Qaim,675.206.5224,ghazalanjameel819@example.com,Your Bestfriend Name,laboriosam,RwD0AXssV#
820,Raashid,Ehsaas,3604801399,basaam19820@example.com,Your First School,hic,LxL&dKK0&4
821,Daanish,Zuwayhir,(329)316-2196,qanitkamal821@example.com,Your Bestfriend Name,voluptates,6hs)7Nuz&L
822,Muzdahir,Qutaybah,(583)809-6509,majdy87822@example.com,Your Pet Name,illo,LEOe6HfmQ&
823,Waheed,Zahur,(784)301-4403,czafir823@example.com,Your Pet Name,magnam,0(J04XoW_z
824,Mabad,Liyaaqat,691.932.0290,kaysanmahbub824@example.com,Your Car Plate,iste,+J4V7PwlnB
825,Gulfam,Mahfuz,+1-575-616-4942x926,iftikhaarlabib825@example.com,Your Pet Name,eos,zL1nu&ePM!
826,Ijli,Baasit,(822)702-3036x3354,khaalid33826@example.com,Your Car Plate,minima,_EWhbgBt6t
827,Ihab,Limazah,793-737-8659,ubay35827@example.com,Your Car Plate,animi,_93HlQ09@F
828,Aalam,Ehsaas,494.488.9840x09429,yasirubaidah828@example.com,Your Car Plate,minus,m!@@0BYet*
829,Guney,Jamaal,+1-382-833-4509x515,ziftikhaar829@example.com,Your First School,in,c!4Wl+r8&S
830,Aalam,Tadeen,001-837-295-5410,kazi98830@example.com,Your Bestfriend Name,pariatur,u1DrG+4%!3
831,Bazam,Urrab,438.820.6446x17715,tajbizhan831@example.com,Your Car Plate,voluptates,EJ1oS&xa$*
832,Umair,Rabbani,537.571.3639x3141,zafarbadr-udeen832@example.com,Your First School,nihil,T33_EOtVG)
833,Zaib,Iftikhaar,989.995.9187x10936,ikrimahsaajid833@example.com,Your Car Plate,quam,)0JZp$8fP$
834,Bahaa,Omran,9375484379,kamalrafi834@example.com,Your Car Plate,molestiae,3S9@Qzkk@H
835,Sabiq,Wadi,+1-820-994-7119x7826,yaghnamtalal835@example.com,Your Birth Place,accusamus,*OJ6QgEh&D
836,Zabir,Jalaal,232.788.6866x44919,rjabr836@example.com,Your Bestfriend Name,ea,_5e!iOTJ5u
837,Rafee,Kabeer,+1-856-575-6052x124,taimurjafar837@example.com,Your Car Plate,deserunt,Aj*b2SHhfA
838,Aryan,Kabeer,(544)299-5799x237,zaakir91838@example.com,Your Birth Place,itaque,*q34RDux)o
839,Nadhir,Urrab,(317)917-0646x354,zayan95839@example.com,Your Birth Place,molestias,b78AmrRZ+_
840,Jalaal,Darain,(599)696-2171x67780,batalsabil840@example.com,Your Car Plate,consequuntur,(9kOx%Wt%M
841,Iesa,Sadan,691-261-3106,azban66841@example.com,Your Birth Place,ut,CV&7!$Nc%q
842,Maawiya,Saariyah,(395)956-8258x627,majdbashar842@example.com,Your Pet Name,fugiat,9$2f^J@y@s
843,Lutf,Zaahid,685-841-0314,bairbelkaram843@example.com,Your Car Plate,dolores,00FeyVNb_J
844,Limazah,Wafeeq,8452270316,rabbaniaadil844@example.com,Your Bestfriend Name,numquam,jN+g3WQc&t
845,Sadan,Raatib,7268320641,jaryan845@example.com,Your Car Plate,odio,fO8Xw__t^$
846,Rabbani,Raatib,2284527396,nkasim846@example.com,Your Birth Place,voluptatum,+T1O$B%ayb
847,Baasim,Kaysan,001-602-503-9852,umaarahihsan847@example.com,Your Car Plate,suscipit,@byh0Abm6v
848,Saadat,Idris,+1-571-648-0358x754,tahaw-wur24848@example.com,Your First School,sequi,x@8iLPAm+M
849,Yafir,Aamir,567-792-2559x052,nailmahbeer849@example.com,Your Birth Place,quaerat,@8EOSEzCe6
850,Aamil,Kaysan,001-635-826-6555,oawamil850@example.com,Your Birth Place,enim,&84A9I!ugL
851,Aamirah,Kachela,001-300-856-7626x085,najamwadood851@example.com,Your Pet Name,fugiat,!h6PMzVvV&
852,Taanish,Sabir,+1-272-845-8998,jameel24852@example.com,Your Birth Place,aut,ik2h*7LzW$
853,Lutfi,Aamir,001-408-970-9358,parvezghunayn853@example.com,Your First School,pariatur,_3HSmDog5x
854,Najeeb,Qusay,001-689-395-2330x5915,yadidjahdari854@example.com,Your First School,eum,CL*6hFul^^
855,Zafir,Qadar,8859387543,qaweelajlaj855@example.com,Your Car Plate,amet,*9++1S+u)6
856,Jahiz,Qabeel,001-247-698-2251x059,manaarif856@example.com,Your Car Plate,placeat,z0RFc1db%3
857,Qusay,Rabiah,781-694-9220x1077,mizhirghanee857@example.com,Your Pet Name,modi,^ipQTvW&@0
858,Umar,Baleegh,001-262-555-7642,huzaifatahoor858@example.com,Your First School,itaque,N#6YMYb7w9
859,Raamiz,Limazah,+1-855-796-1729x347,kamalmahfuj859@example.com,Your Pet Name,fugit,u8qJPrpu$6
860,Rafee,Aabid,001-957-885-9604x8132,kachelaaarif860@example.com,Your Bestfriend Name,iusto,!27E@pN8e3
861,Qusay,Sair,(965)890-8423,raahil07861@example.com,Your Bestfriend Name,doloremque,+&98pD+tWB
862,Kaiser,Baasim,697.571.5938x0539,qasifubaid862@example.com,Your Car Plate,nesciunt,_zfCLz9R_1
863,Lutf,Saad,+1-683-525-0040,jamaalbasaam863@example.com,Your Birth Place,quis,L170aRIu^V
864,Aaban,Rabar,635.436.6938x17532,liyaqatawamil864@example.com,Your Car Plate,consectetur,#4EHrxvOuO
865,Tahir,Tabassum,8775529009,dsaboor865@example.com,Your Birth Place,veritatis,hi_1T&qkJ$
866,Awlya,Baseer,541.698.3143,oquadir866@example.com,Your First School,porro,%m4In2QCRc
867,Yadid,Raid,754-637-1510x3933,zarar86867@example.com,Your Bestfriend Name,doloribus,&XqSYaKS9t
868,Makeen,Mahbeer,974-473-7788x984,mahmoud77868@example.com,Your Car Plate,nam,$874wSfg&&
869,Qaadir,Quadir,+1-391-613-7757x76880,ehsaasghazalan869@example.com,Your Pet Name,vel,@9YI0DEoYc
870,Ubaadah,Qaasim,+1-452-454-8315x98274,radisaburah870@example.com,Your Car Plate,quidem,qyEoEzqZ@0
871,Ijli,Ehsaas,+1-622-281-7702x827,karaamatlabeeb871@example.com,Your Bestfriend Name,nulla,f3oj+Nja*W
872,Qadi,Waajid,(850)845-9722x4263,mahdeeumaarah872@example.com,Your Car Plate,blanditiis,bU6&1SPc0L
873,Mamun,Lut,(874)712-3041x6882,qusayilan873@example.com,Your Birth Place,nemo,*CtlKKZl+1
874,Ubaadah,Ghunayn,001-755-760-1022,zaafirghauth874@example.com,Your Birth Place,nisi,Ss(UAZ3h&8
875,Awadil,Ali,001-900-989-6571x984,raaghibkaiser875@example.com,Your Car Plate,non,*6OyYGnEoG
876,Bilaal,Liyaqat,648-450-4841,aryanzahrun876@example.com,Your Car Plate,exercitationem,qV3SB4InP%
877,Wadee,Limazah,7045125220,yesoob09877@example.com,Your Car Plate,voluptatum,^v8GPU(g!Z
878,Rabit,Ghafoor,(580)665-2470x8769,saburahaadil878@example.com,Your Birth Place,deserunt,(HMdzPpjM3
879,Arham,Qaseem,609-789-8490,omrannail879@example.com,Your Car Plate,reprehenderit,_s!n6FDtH1
880,Rabb,Barr,(595)403-1927,gsaajid880@example.com,Your Birth Place,impedit,)H5aOPBx^2
881,Guney,Tabassum,3034958734,hrabiah881@example.com,Your Bestfriend Name,sapiente,@PQJhEOIE6
882,El-Amin,Qahtan,757-978-7547,barraqumair882@example.com,Your Pet Name,consectetur,*8CUB6Ut_t
883,Jalil,Saalim,3454400807,nafees01883@example.com,Your Birth Place,est,U0tPESim_u
884,Muzdahir,Owais,(312)714-6593x72440,umairjamaal884@example.com,Your Birth Place,facere,V90JiSmh_$
885,Mahmood,Qaim,+1-999-788-3094x28222,saahirihtishaam885@example.com,Your Birth Place,recusandae,quWE2HyvA)
886,Luqmaan,Gulshan,517-887-1413x4548,ihsaanwahhaab886@example.com,Your First School,exercitationem,W*(60QkM%)
887,Nabih,Rafay,(291)879-9977x57778,fqusay887@example.com,Your Car Plate,unde,@TImO@zf4s
888,Ghusun,Najam,276.279.9916,raashidyeraz888@example.com,Your Bestfriend Name,quam,70TzabMx+j
889,Zaheer,Taheem,+1-236-451-5750x417,yahyaamaalik889@example.com,Your Birth Place,nisi,8C1hhUVh+6
890,Zarar,Zaheer,918.362.2621x67377,ihtishaam76890@example.com,Your Bestfriend Name,exercitationem,*PdxDT5n8J
891,Aalam,Aasim,(971)379-6567,jlutf891@example.com,Your Bestfriend Name,occaecati,^3TCB1wpS6
892,Wahhaaj,Kamal,001-463-919-9075x3557,aamiluhban892@example.com,Your Car Plate,eveniet,(^uK7VRcw8
893,Ijli,Zaahid,001-568-250-0211x679,ossamajafar893@example.com,Your Bestfriend Name,nemo,_4@Rh#y8Iz
894,Yashem,Jabir,(770)886-8323,mahbeerqadim894@example.com,Your First School,reiciendis,(%4Ooh!cz2
895,Muzhir,Sair,628.382.1509x4010,wahb89895@example.com,Your Bestfriend Name,eum,@hJ1sPOt9q
896,Jamal,Jamaal,+1-617-729-0721x660,btahawwur896@example.com,Your Pet Name,distinctio,I1GQiojk#W
897,Waail,Taheem,968.787.8456,lahiahauraq897@example.com,Your Pet Name,cupiditate,l0L+unVA)A
898,Kaiser,Saad,001-880-699-7603x11439,qadarsaaqib898@example.com,Your First School,expedita,$OhzqrT47q
899,Wadee,Fazli,286.895.9738x7261,ubaydsaaiq899@example.com,Your Pet Name,nihil,wm5QvUww%%
900,Rafeek,Mad,001-892-461-8232x49130,darainnadeem900@example.com,Your Car Plate,incidunt,+x0LcaWXv+
901,Qanit,Quadir,+1-951-565-5025x086,qahtan90901@example.com,Your Birth Place,ad,N3nGA3tT$i
902,Saalim,Saariyah,595-454-3402,omeir11902@example.com,Your Birth Place,minima,29YI2qNo)N
903,Basharat,Kachela,001-565-780-6369x0667,zafeeruhban903@example.com,Your Bestfriend Name,mollitia,!I06d0Eb9E
904,Aamir,Umar,+1-330-480-9837x09274,lwafeeq904@example.com,Your Car Plate,quibusdam,#*7RPceB%p
905,Ghaalib,Wadi,916.957.2194,karamghasaan905@example.com,Your Pet Name,laudantium,5wjS&(hs!+
906,Kabeer,Jahdami,5004898245,aaleerafi906@example.com,Your First School,cum,!uiqSwk)%7
907,Pervaiz,Talib,001-865-240-6688x134,rahat31907@example.com,Your Pet Name,earum,^Z*I(3Vik5
908,Qabeel,Ayaan,(770)307-2136x272,jwafa908@example.com,Your Birth Place,dolores,m9XClNnQ!4
909,Tahaw-wur,Rabb,858-562-8893,jahdamimahbub909@example.com,Your Pet Name,eum,E4eJ#yTN_$
910,Najeeb,Daniel,001-236-780-4314x69549,ckaamil910@example.com,Your Birth Place,nulla,)c0nsLOxE%
911,Yathrib,Ubaadah,(775)675-1950,saariyahbaasim911@example.com,Your Bestfriend Name,neque,_6R*PyHQyd
912,Zuwayhir,Ghazzal,719-795-0894x1414,najair10912@example.com,Your Birth Place,dignissimos,(1Ps)s8qSn
913,Ejlaal,Ayaan,896.775.3902,gbaasim913@example.com,Your First School,atque,1oLG0F9z#K
914,Eijaz,Aadam,506-588-1821x992,ghazzalqudoos914@example.com,Your Birth Place,pariatur,)2ObWR9kCn
915,Kaamil,Ilan,598.843.2210,saajiddawud915@example.com,Your First School,qui,6S&h1RqXbK
916,Jamaal,Saabir,469-872-1986,ptafazal916@example.com,Your Car Plate,vel,Fn1R#9IaM@
917,Bahaa,Aryan,(245)738-9390,taanishaasim917@example.com,Your First School,dolores,u9uB#BHu^r
918,Mahfuj,Rabee,(609)642-0539x646,jamaal-udeen10918@example.com,Your Bestfriend Name,laboriosam,+2%wVYfdB*
919,Tali,Raatib,318-238-5692,khaannaeem919@example.com,Your Pet Name,id,+8Z#gS4Sfn
920,Kabeer,Daamin,001-950-406-7255x8168,zlutf920@example.com,Your Birth Place,quibusdam,_6S5JAnu@H
921,Najair,Vahar,001-856-402-2708x092,qadi78921@example.com,Your Car Plate,nobis,1)#%86AtHb
922,Rayan,Aamirah,9788325947,zahinajeeb922@example.com,Your Car Plate,repellendus,(6nOiNcFdq
923,Maroof,Wadood,(701)641-2781x154,raashidbatool923@example.com,Your Birth Place,assumenda,#NCCVKf&a0
924,Batool,Basheerah,(379)370-0687x77648,vnajam924@example.com,Your First School,adipisci,^2F@Fhs%R6
925,Aalee,Raashid,001-519-410-4838,maalik70925@example.com,Your Pet Name,odio,+065SlaMNC
926,Chamali,Babar,001-759-385-9187,mahbeersaboor926@example.com,Your Bestfriend Name,ullam,D)5znQkC&j
927,Talib,Zaahir,(901)919-6815x9333,bashaarurrab927@example.com,Your First School,aut,s#MGi5Lg7Q
928,Rabit,Majd Udeen,(468)260-6507,atalhah928@example.com,Your First School,deleniti,$M&@eJYf2J
929,Lut,Raashid,421-851-3036x32443,latifraid929@example.com,Your Birth Place,officia,KH!!!8AcK3
930,Baaqir,Baseer,439-507-3769x7549,ghauthnadeem930@example.com,Your Bestfriend Name,eos,M0(z16StpH
931,Wadi,Ghayoor,(605)522-8241,eaatiq931@example.com,Your Car Plate,cumque,U_@A88qtrZ
932,Wafa,Dabir,851.460.4730x3102,hijli932@example.com,Your Bestfriend Name,sequi,U)@!i9QvYt
933,Basil,Waahid,7384954566,xsadaqat933@example.com,Your Birth Place,facere,zdk88Wv6g&
934,Zaheer,Aariz,358.352.6484,ehsaasnabeel934@example.com,Your Car Plate,totam,s2UhsUgB+H
935,Ubadah,Aalam,906.655.7306x75557,mtali935@example.com,Your Bestfriend Name,eveniet,+4l@)x#l&G
936,Yesoob,Qadar,401.253.9721x739,saafirghanee936@example.com,Your Car Plate,adipisci,e1@3sIFbu3
937,Sairah,Ubaadah,+1-896-944-4561x4221,sadeedsaal937@example.com,Your Birth Place,eaque,7mwlhOZh#y
938,Ghaith,Wadood,+1-608-648-4631x5626,snajeeb938@example.com,Your Birth Place,ad,8@9)BVgcSC
939,Eshan,Barr,228.938.3370x70974,azeeb75939@example.com,Your First School,nesciunt,*zl84NNgGe
940,Aamir,Lutf,767.569.1193,jamal92940@example.com,Your Pet Name,provident,&+*A(ess1c
941,Laeeq,Lajlaj,(257)641-1798x153,ighutayf941@example.com,Your Pet Name,quia,+3+8UrNfEP
942,Awlya,Azban,+1-363-545-3972,jahangiryaghnam942@example.com,Your Birth Place,libero,%4OauwZ5_R
943,Zaheer,Zahri,878.833.3843x03489,naeem20943@example.com,Your Car Plate,consectetur,G!6HZ4yJB4
944,Dastageer,Dakhil,568.882.1096,omranwaail944@example.com,Your Bestfriend Name,optio,+zYsOBwr25
945,Ghutayf,Kasam,(661)759-9721x06950,majdqasif945@example.com,Your Pet Name,dolor,N%Qc6(XphX
946,Mahdy,Baseer,558-805-8116,umar36946@example.com,Your Birth Place,facilis,Le)5*R^rbJ
947,Bashaar,Wafeeq,5422297782,ubaidraatib947@example.com,Your Bestfriend Name,necessitatibus,14WoI+94)9
948,Aaaqil,Baleegh,956-207-5052,azafir948@example.com,Your Bestfriend Name,alias,k^5peY8p!O
949,Aaban,Basaam,982.684.9277,mahmood71949@example.com,Your Car Plate,facere,$ZNThv1zt7
950,Sabir,Ayyubi,7118440934,ruwaihimurrab950@example.com,Your Car Plate,at,im25Khe1%y
951,Dawud,Raaghib,+1-233-980-2806x08201,srabb951@example.com,Your Car Plate,corporis,cr(I!0DdGn
952,Aalam,Aasif,742-317-7121,ikhlaasrafeek952@example.com,Your First School,sapiente,IT56LYlcT^
953,Najeeb,Bashaarat,(994)957-1100,pumaarah953@example.com,Your First School,autem,0$58RK4@aa
954,Naadir,Fazli,001-270-756-6447x210,nzahaar954@example.com,Your Birth Place,enim,CbrhL1Ya^5
955,Kareem,Omair,001-294-832-5100x38797,jameelraatib955@example.com,Your Birth Place,nobis,9S(7KjQm8@
956,Saboor,Esfandyar,950.742.5952,wahab57956@example.com,Your Pet Name,quas,@0uI8oSQgS
957,Aalam,Lutf,933-848-3067x0625,azban51957@example.com,Your Birth Place,excepturi,LidF%NsH*3
958,Majdi,Jalil,+1-724-896-0405,waajidbaaree958@example.com,Your Birth Place,facilis,G(yH)5Uwm0
959,Uhban,Rafeek,873-212-4331,bubaydullah959@example.com,Your Pet Name,minus,G^6NVpaSgE
960,Gohar,Sadeed,591.683.0923x806,mahadsabeeh960@example.com,Your First School,labore,(1X_js%DtO
961,Zahaar,Huzaifa,647-713-0230x16931,raashidumar961@example.com,Your First School,explicabo,L#Eh5QQr10
962,Ghauth,Wafa,+1-896-562-2516x101,dnajeeb962@example.com,Your Car Plate,debitis,9f(PtaYr^h
963,Rabee,Rafi,7845122589,danielmaawiya963@example.com,Your Car Plate,possimus,*kPf8Juxuu
964,Yasir,Layth,(748)535-0553,gqaim964@example.com,Your Birth Place,veritatis,!#QHfoaLk7
965,Buraid,Nabeel,620.241.2425x741,fazlirafee965@example.com,Your Bestfriend Name,maiores,Mo5Zb50wi@
966,Chashida,Aalam,(310)438-0486x80190,rabahyahyaa966@example.com,Your Bestfriend Name,hic,lm8lu5Em()
967,Dayyaan,Ijli,(890)469-3771x0826,zahrunraamis967@example.com,Your First School,perferendis,z1F6n)oe^@
968,Zahir,Awamil,502.297.6649x29259,tnail968@example.com,Your First School,ducimus,&2XAI@$n3c
969,Mahfooz,Mad,4437433604,tahawwur03969@example.com,Your Car Plate,unde,)h4IQ2cfp#
970,Mahdi,Saariyah,+1-720-328-6790,oaamirah970@example.com,Your Pet Name,maiores,F$5)RN+j1@
971,Bilaal,Rabiah,985-892-6251x826,labeebnajeeb971@example.com,Your Pet Name,corporis,@6KmZ)42bB
972,Etizaaz,Raashid,(348)998-4879x5346,majeed38972@example.com,Your First School,quidem,#217(Oyj*Z
973,Sadan,Ayamin,903.835.2593,tahmasebhamza973@example.com,Your Car Plate,repellat,_$dR8fWh+3
974,Ubaid,Luqmaan,001-569-825-5591,talhaayyubi974@example.com,Your Pet Name,ratione,TQ5fTukwV+
975,Mahdee,Badr Udeen,+1-732-534-0765x2841,yzahur975@example.com,Your First School,quis,Ap6Pm$^^(_
976,Maazin,Ali,425.884.6636x994,saajidgulab976@example.com,Your Birth Place,voluptates,#60TprSroX
977,Ihtsham,Jamaal,926-218-8852,saalim96977@example.com,Your Car Plate,doloremque,)%40Irt3fM
978,Sad,Aadam,001-415-635-0228x522,ihsaanjabr978@example.com,Your Pet Name,eaque,$09893Qd+Q
979,Ibrahim,Aarif,326.720.6680,zaahirazban979@example.com,Your Birth Place,illo,7_Phmold%d
980,Basharat,Ihab,(822)213-8459,elaf20980@example.com,Your Pet Name,neque,CP5X#q5u@F
981,Zahrun,Zafar,2398929172,aryanzaahir981@example.com,Your Car Plate,sapiente,w3pTsSef)1
982,Yameen,Ghannam,(956)710-1052x5241,waail08982@example.com,Your Pet Name,expedita,th#04Cq4TU
983,Sabiq,Yawer,(958)443-5858x071,changazzackariya983@example.com,Your First School,non,*L8KSfaIN1
984,Tahaw-wur,Sabah,001-350-882-7422x6488,naadir37984@example.com,Your First School,expedita,)D*BTvMiy0
985,Umair,Dawud,(932)896-5433,idrees90985@example.com,Your Bestfriend Name,maiores,P+8)YXqr#w
986,Aarif,Aatiq,639-301-7231x7052,obaid13986@example.com,Your Pet Name,voluptatibus,fK7Go3Adz!
987,Jaabir,Kasam,511-491-9200,karaamat50987@example.com,Your Birth Place,dignissimos,K#M41X^fb^
988,Taamir,Bilaal,(658)729-2824x0924,zahaarkaashif988@example.com,Your Bestfriend Name,maxime,T$GaUktT+7
989,Waheed,Rabiah,593.541.0941x51435,ehan59989@example.com,Your Birth Place,sunt,+akANvw23X
990,Rusul,Majd Udeen,7134223025,ghiyaath32990@example.com,Your Pet Name,dolores,gm4CtbkOP^
991,Yameen,Ilan,(267)588-4636x2535,madani23991@example.com,Your Car Plate,accusamus,Q^Ly3#Hk$K
992,Aalam,Baseer,+1-519-664-9647x875,awamiri65992@example.com,Your Birth Place,earum,)gJI5n@Vf5
993,Ihtiram,Kasam,001-327-706-5902x2226,ghayoor40993@example.com,Your Pet Name,reiciendis,7!15H_^7Sj
994,Basir,Ubadah,400-875-6728x59031,ibrahimjaan994@example.com,Your Pet Name,nemo,Tw4wcJcx@L
995,Limazah,Man,(892)266-0499x216,qijli995@example.com,Your Birth Place,quo,+uWSnVvN#4
996,Maajid,Latif,(315)854-6685x7243,iftikhaarparsa996@example.com,Your Car Plate,quo,)HD2xJuudx
997,Yazeed,Bashaarat,(238)258-0055,talibmahja997@example.com,Your Pet Name,officia,3X)YfFD^^j
998,Yafi,Ubadah,(912)731-3255,rabarmahfuj998@example.com,Your Birth Place,eligendi,$v6Y6yHoyG
999,Chashida,Raaghib,(842)241-5451x060,lzafir999@example.com,Your First School,voluptas,%22EtW0D6P
1000,Ibrahim,Aasif,642.855.9647,lutfwaajid1000@example.com,Your First School,enim,o)84Fc8qFD
